Ticker,signal_date,entry_date,exit_date,entry_price,exit_price,size,net_pnl
PETR4,2018-01-03,2018-01-04,2018-01-10,16.780000686645508,16.791599237442018,16,-11.81442318725584
VALE3,2018-01-03,2018-01-04,2018-01-10,41.810001373291016,42.44876622009278,1,-11.361235153198237
PETR4,2018-01-04,2018-01-05,2018-01-11,16.700000762939453,17.241375,16,-3.338012207031227
VALE3,2018-01-04,2018-01-05,2018-01-11,41.56999969482422,43.27834923744202,1,-10.291650457382197
PETR4,2018-01-05,2018-01-08,2018-01-12,16.739999771118164,17.291349237442017,15,-3.7297580051422123
VALE3,2018-01-05,2018-01-08,2018-01-12,42.400001525878906,43.52822423744202,1,-10.871777288436888
PETR4,2018-01-08,2018-01-09,2018-01-15,17.030000686645508,17.341325381278992,15,-7.33012958049774
PETR4,2018-01-09,2018-01-10,2018-01-16,16.920000076293945,17.64117461872101,16,-0.4612073211669667
PETR4,2018-01-10,2018-01-11,2018-01-17,16.8799991607666,18.350820610046384,15,10.062321739196733
PETR4,2018-01-11,2018-01-12,2018-01-18,17.040000915527344,18.210889313697812,15,5.563325972557031
PETR4,2018-01-12,2018-01-15,2018-01-19,17.31999969482422,18.2508702287674,15,1.9630580091477263
PETR4,2018-01-15,2018-01-16,2018-01-22,17.350000381469727,18.460764313697812,14,3.5506950511931947
PETR4,2018-01-16,2018-01-17,2018-01-23,17.920000076293945,18.230879771232605,13,-7.958563965797428
PETR4,2018-01-17,2018-01-18,2018-01-24,18.350000381469727,19.330330152511596,12,-0.2360427474975637
PETR4,2018-01-18,2018-01-19,2018-01-25,18.309999465942383,19.330330152511596,12,0.2439682388305613
PETR4,2018-01-19,2018-01-22,2018-01-26,18.26000022888184,19.920035305023195,12,7.920420913696262
PETR4,2018-01-22,2018-01-23,2018-01-29,18.39999961853028,19.840075381278993,12,5.280909152984549
PETR4,2018-01-23,2018-01-24,2018-01-30,18.420000076293945,19.480254771232605,10,-1.3974530506134002
VALE3,2018-01-23,2018-01-24,2018-01-30,41.209999084472656,41.449266220092774,2,-11.521465728759765
PETR4,2018-01-24,2018-01-25,2018-01-31,19.34000015258789,19.690150762557984,10,-8.498493900299067
VALE3,2018-01-24,2018-01-25,2018-01-31,41.77999877929688,41.429275762557985,2,-12.701446033477794
PETR4,2018-01-25,2018-01-26,2018-02-01,19.6200008392334,20.50974045753479,9,-3.9923434352874807
VALE3,2018-01-25,2018-01-26,2018-02-01,41.84999847412109,41.76910591506958,2,-12.161785118103012
PETR4,2018-01-26,2018-01-29,2018-02-02,19.670000076293945,19.960014313697812,9,-9.389871863365201
VALE3,2018-01-26,2018-01-29,2018-02-02,41.09999847412109,40.77959923744202,2,-12.640798473358132
PETR4,2018-01-29,2018-01-30,2018-02-05,19.770000457763672,19.03048091506958,9,-18.65567588424681
VALE3,2018-01-29,2018-01-30,2018-02-05,41.70000076293945,40.32982347488403,2,-14.740354576110846
PETR4,2018-01-30,2018-01-31,2018-02-06,19.739999771118164,19.980004771232608,9,-9.839954998970008
VALE3,2018-01-30,2018-01-31,2018-02-06,41.75,42.44876622009278,2,-10.602467559814443
PETR4,2018-01-31,2018-02-01,2018-02-07,19.76000022888184,19.43028053379059,9,-14.967477255821244
VALE3,2018-01-31,2018-02-01,2018-02-07,41.59999847412109,41.68914408493042,2,-11.821708778381335
PETR4,2018-02-01,2018-02-02,2018-02-08,20.299999237060547,19.040474237442016,8,-22.076199996948247
VALE3,2018-02-01,2018-02-02,2018-02-08,41.650001525878906,41.5692051525116,2,-12.161592746734613
PETR4,2018-02-02,2018-02-05,2018-02-09,19.64999961853028,18.76061545753479,8,-19.115073287963924
VALE3,2018-02-02,2018-02-05,2018-02-09,40.59999847412109,41.979,2,-9.241996948242175
PETR4,2018-02-05,2018-02-06,2018-02-14,18.65999984741211,19.240375,8,-7.356998779296873
VALE3,2018-02-05,2018-02-06,2018-02-14,40.0099983215332,44.48774332237244,1,-7.522254999160765
PETR4,2018-02-06,2018-02-07,2018-02-15,19.96999931335449,19.390299618721016,7,-16.057897862434306
PETR4,2018-02-07,2018-02-08,2018-02-16,19.549999237060547,19.410290076255798,7,-12.977964125633243
VALE3,2018-02-07,2018-02-08,2018-02-16,41.68999862670898,46.00698377990724,1,-7.68301484680174
PETR4,2018-02-08,2018-02-09,2018-02-19,19.030000686645508,20.039974237442017,7,-4.930185144424435
VALE3,2018-02-08,2018-02-09,2018-02-19,41.400001525878906,46.42677576255799,1,-6.973225763320919
PETR4,2018-02-09,2018-02-14,2018-02-20,19.01000022888184,20.429780533790588,7,-2.061537865638762
VALE3,2018-02-09,2018-02-14,2018-02-20,43.400001525878906,45.487243322372436,1,-9.91275820350647
PETR4,2018-02-14,2018-02-15,2018-02-21,19.5,20.239875,7,-6.82087499999999
PETR4,2018-02-15,2018-02-16,2018-02-22,19.459999084472656,20.729629771232606,7,-3.1125851926803527
PETR4,2018-02-16,2018-02-19,2018-02-23,19.549999237060547,21.109440838813782,7,-1.0839087877273528
PETR4,2018-02-19,2018-02-20,2018-02-26,19.8799991607666,21.50924045753479,7,-0.5953109226226765
PETR4,2018-02-20,2018-02-21,2018-02-27,20.59000015258789,21.489250000000002,7,-5.705251068115221
PETR4,2018-02-21,2018-02-22,2018-02-28,20.59000015258789,21.44926908493042,7,-5.985117473602287
PETR4,2018-02-22,2018-02-23,2018-03-01,20.950000762939453,21.019485686302186,7,-11.513605536460869
PETR4,2018-02-23,2018-02-26,2018-03-02,21.39999961853028,21.4992452287674,6,-11.404526338577284
PETR4,2018-02-26,2018-02-27,2018-03-05,21.46999931335449,22.108940838813783,6,-8.166350847244232
PETR4,2018-02-27,2018-02-28,2018-03-06,21.6299991607666,21.889049618721018,6,-10.445697252273504
PETR4,2018-02-28,2018-03-01,2018-03-07,21.39999961853028,21.6591650762558,6,-10.445007253646885
PETR4,2018-03-01,2018-03-02,2018-03-08,20.700000762939453,21.689150762557986,6,-6.065100002288801
PETR4,2018-03-02,2018-03-05,2018-03-09,21.489999771118164,22.37880438995362,6,-6.667172286987274
VALE3,2018-03-02,2018-03-05,2018-03-09,43.47999954223633,42.07894847488403,1,-13.401051067352299
PETR4,2018-03-05,2018-03-06,2018-03-12,22.5,22.3188349237442,6,-13.08699045753481
VALE3,2018-03-05,2018-03-06,2018-03-12,44.5,42.43876908493042,1,-14.06123091506958
PETR4,2018-03-06,2018-03-07,2018-03-13,21.690000534057617,22.098945610046385,6,-9.54632954406739
VALE3,2018-03-06,2018-03-07,2018-03-13,42.5099983215332,42.108936067581176,1,-12.401062253952027
PETR4,2018-03-07,2018-03-08,2018-03-14,21.850000381469727,22.36880916118622,6,-8.887147321701036
VALE3,2018-03-07,2018-03-08,2018-03-14,42.68000030517578,42.57869847488403,1,-12.101301830291753
PETR4,2018-03-08,2018-03-09,2018-03-15,21.780000686645508,21.299344466209412,6,-14.883937322616575
VALE3,2018-03-08,2018-03-09,2018-03-15,40.970001220703125,42.37880152511597,1,-10.591199695587157
PETR4,2018-03-09,2018-03-12,2018-03-16,22.540000915527344,21.419285305023195,6,-18.724293663024895
VALE3,2018-03-09,2018-03-12,2018-03-16,42.290000915527344,42.27884923744202,1,-12.011151678085326
PETR4,2018-03-12,2018-03-13,2018-03-19,22.450000762939453,20.919535305023196,6,-21.182792747497544
VALE3,2018-03-12,2018-03-13,2018-03-19,42.7400016784668,41.07944847488403,1,-13.660553203582765
PETR4,2018-03-13,2018-03-14,2018-03-20,22.299999237060547,21.149419847488403,6,-18.903476337432863
VALE3,2018-03-13,2018-03-14,2018-03-20,42.84999847412109,41.57919847488403,1,-13.270799999237056
PETR4,2018-03-14,2018-03-15,2018-03-21,22.049999237060547,22.03897423744202,6,-12.066149997711165
VALE3,2018-03-14,2018-03-15,2018-03-21,42.70000076293945,42.478750000000005,1,-12.221250762939448
PETR4,2018-03-15,2018-03-16,2018-03-22,21.46999931335449,21.70913931369781,6,-10.565159997940064
VALE3,2018-03-15,2018-03-16,2018-03-22,42.400001525878906,41.909035305023195,1,-12.49096622085571
PETR4,2018-03-16,2018-03-19,2018-03-23,21.270000457763672,21.739125,6,-9.185252746582023
VALE3,2018-03-16,2018-03-19,2018-03-23,41.52000045776367,41.57919847488403,1,-11.940801982879641
PETR4,2018-03-19,2018-03-20,2018-03-26,21.18000030517578,22.018985686302187,6,-6.9660877132415635
VALE3,2018-03-19,2018-03-20,2018-03-26,41.09999847412109,41.979,1,-11.120998474121087
PETR4,2018-03-20,2018-03-21,2018-03-27,21.25,21.42928053379059,6,-10.924316797256466
VALE3,2018-03-20,2018-03-21,2018-03-27,41.75,40.83957061004639,1,-12.910429389953613
PETR4,2018-03-21,2018-03-22,2018-03-28,21.86000061035156,21.189400762557984,6,-16.02359908676145
VALE3,2018-03-21,2018-03-22,2018-03-28,41.93999862670898,41.519230915069585,1,-12.420767711639392
PETR4,2018-03-22,2018-03-23,2018-03-29,21.61000061035156,21.399294847488406,6,-13.264234577178918
VALE3,2018-03-22,2018-03-23,2018-03-29,41.2400016784668,42.188894084930425,1,-11.051107593536372
PETR4,2018-03-23,2018-03-26,2018-04-02,22.06999969482422,20.889549618721016,6,-19.082700456619214
VALE3,2018-03-23,2018-03-26,2018-04-02,42.0,42.978500000000004,1,-11.021499999999996
PETR4,2018-03-26,2018-03-27,2018-04-03,22.13999938964844,20.69964408493042,6,-20.64213182830813
VALE3,2018-03-26,2018-03-27,2018-04-03,42.38999938964844,42.84856393241883,1,-11.54143545722961
PETR4,2018-03-27,2018-03-28,2018-04-04,21.26000022888184,20.369809161186218,6,-17.341146406173728
VALE3,2018-03-27,2018-03-28,2018-04-04,40.61000061035156,42.52872423744202,1,-10.081276372909542
PETR4,2018-03-28,2018-03-29,2018-04-05,21.26000022888184,21.139424618721016,6,-12.723453660964942
VALE3,2018-03-28,2018-03-29,2018-04-05,41.869998931884766,43.228375,1,-10.641623931884766
PETR4,2018-03-29,2018-04-02,2018-04-06,21.36000061035156,21.269360686302186,6,-12.54383954429624
VALE3,2018-03-29,2018-04-02,2018-04-06,42.31999969482422,42.71863167762756,1,-11.601368017196656
PETR4,2018-04-02,2018-04-03,2018-04-09,21.11000061035156,20.519735686302187,6,-15.54158954429623
PETR4,2018-04-03,2018-04-04,2018-04-10,20.309999465942383,21.389299618721015,7,-4.444898930549574
PETR4,2018-04-04,2018-04-05,2018-04-11,21.14999961853028,21.789099237442016,6,-8.165402286529584
PETR4,2018-04-05,2018-04-06,2018-04-12,20.979999542236328,21.669160305023194,6,-7.865035423278805
PETR4,2018-04-06,2018-04-09,2018-04-13,21.43000030517578,21.189400762557984,6,-13.443597255706784
PETR4,2018-04-09,2018-04-10,2018-04-16,20.90999984741211,20.609690838813783,6,-13.801854051589956
PETR4,2018-04-10,2018-04-11,2018-04-17,21.350000381469727,21.019485686302186,6,-13.983088171005242
PETR4,2018-04-11,2018-04-12,2018-04-18,21.790000915527344,21.789099237442016,6,-12.005410068511964
PETR4,2018-04-12,2018-04-13,2018-04-19,21.63999938964844,22.188900762557985,6,-8.706591762542736
PETR4,2018-04-13,2018-04-16,2018-04-20,21.049999237060547,22.348820610046385,6,-4.207071762084972
PETR4,2018-04-16,2018-04-17,2018-04-23,20.700000762939453,22.46875954246521,6,-1.3874473228454534
PETR4,2018-04-17,2018-04-18,2018-04-24,21.350000381469727,22.388799618721016,6,-5.7672045764922615
PETR4,2018-04-18,2018-04-19,2018-04-25,22.06999969482422,21.719134542465213,6,-14.105190914154036
PETR4,2018-04-19,2018-04-20,2018-04-26,22.059999465942383,22.61868416118622,6,-8.647891828536977
PETR4,2018-04-20,2018-04-23,2018-04-27,22.09000015258789,22.69864408493042,6,-8.348136405944814
PETR4,2018-04-23,2018-04-24,2018-04-30,22.600000381469727,22.958514313697812,6,-9.848916406631488
PETR4,2018-04-24,2018-04-25,2018-05-02,22.01000022888184,22.588700381278993,6,-8.527799085617076
PETR4,2018-04-25,2018-04-26,2018-05-03,22.0,22.438775762557984,6,-9.367345424652093
PETR4,2018-04-26,2018-04-27,2018-05-04,22.84000015258789,22.258865457534792,6,-15.48680817031859
PETR4,2018-04-27,2018-04-30,2018-05-07,22.729999542236328,22.638674618721016,6,-12.547949541091874
PETR4,2018-04-30,2018-05-02,2018-05-08,22.670000076293945,22.898544847488406,6,-10.628731372833236
PETR4,2018-05-02,2018-05-03,2018-05-09,22.540000915527344,24.767610686302188,6,1.3656586246490647
PETR4,2018-05-03,2018-05-04,2018-05-10,22.450000762939453,25.737125000000002,6,7.722745422363296
PETR4,2018-05-04,2018-05-07,2018-05-11,22.56999969482422,25.42728053379059,6,5.143685033798228
PETR4,2018-05-07,2018-05-08,2018-05-14,23.059999465942383,26.226879771232607,6,7.001281831741345
PETR4,2018-05-08,2018-05-09,2018-05-15,23.299999237060547,26.77660591506958,5,5.383033390045171
PETR4,2018-05-09,2018-05-10,2018-05-16,25.13999938964844,27.376304389953617,4,-3.0547799987792956
PETR4,2018-05-10,2018-05-11,2018-05-17,25.82999992370605,25.937025762557983,4,-11.571896644592272
PETR4,2018-05-11,2018-05-14,2018-05-18,25.850000381469727,25.637174618721016,4,-12.851303050994844
PETR4,2018-05-14,2018-05-15,2018-05-21,26.350000381469727,25.03747423744202,4,-17.25010457611083
PETR4,2018-05-15,2018-05-16,2018-05-22,26.8700008392334,24.69764408493042,3,-18.517070262908934
PETR4,2018-05-16,2018-05-17,2018-05-23,27.350000381469727,23.25836545753479,3,-24.27490477180481
PETR4,2018-05-17,2018-05-18,2018-05-24,25.01000022888184,20.0699599237442,3,-26.820120915412918
PETR4,2018-05-18,2018-05-21,2018-05-25,26.100000381469727,19.790099237442018,3,-30.929703432083127
PETR4,2018-05-21,2018-05-22,2018-05-28,24.809999465942383,16.901544847488406,3,-35.725363855361934
PETR4,2018-05-22,2018-05-23,2018-05-29,24.229999542236328,19.29034923744202,3,-26.818950914382928
PETR4,2018-05-23,2018-05-24,2018-05-30,20.049999237060547,18.970509542465212,3,-15.238469083786004
PETR4,2018-05-24,2018-05-25,2018-06-01,20.64999961853028,16.151919847488404,3,-25.49423931312563
PETR4,2018-05-25,2018-05-28,2018-06-04,19.200000762939453,17.521235686302187,3,-17.036295229911797
PETR4,2018-05-28,2018-05-29,2018-06-05,18.0,16.5817051525116,3,-16.254884542465202
PETR4,2018-05-29,2018-05-30,2018-06-06,18.38999938964844,16.321834923744202,3,-18.204493397712717
VALE3,2018-05-29,2018-05-30,2018-06-06,50.209999084472656,56.04196469497681,1,-6.168034389495844
PETR4,2018-05-30,2018-06-01,2018-06-07,19.559999465942383,15.752120228767396,2,-19.615758474349974
PETR4,2018-06-01,2018-06-04,2018-06-08,17.290000915527344,15.242375000000001,2,-16.095251831054686
PETR4,2018-06-04,2018-06-05,2018-06-11,17.360000610351562,15.402294847488404,2,-15.915411525726316
PETR4,2018-06-05,2018-06-06,2018-06-12,16.469999313354492,15.4522700381279,3,-15.053187825679778
PETR4,2018-06-06,2018-06-07,2018-06-13,16.0,15.162415076255797,3,-14.512754771232608
PETR4,2018-06-07,2018-06-08,2018-06-14,15.8100004196167,15.092450381278994,3,-14.152650115013117
PETR4,2018-06-08,2018-06-11,2018-06-15,15.5,14.962515266895295,3,-13.612454199314115
PETR4,2018-06-11,2018-06-12,2018-06-18,15.479999542236328,14.492750000000001,3,-14.961748626708982
PETR4,2018-06-12,2018-06-13,2018-06-19,15.420000076293944,15.412290076255797,3,-12.02313000011444
PETR4,2018-06-13,2018-06-14,2018-06-20,15.329999923706056,16.20189408493042,4,-8.512423355102548
PETR4,2018-06-14,2018-06-15,2018-06-21,15.029999732971191,15.092450381278994,4,-11.750197406768791
PETR4,2018-06-15,2018-06-18,2018-06-22,14.770000457763672,15.102444656848908,4,-10.670223203659056
PETR4,2018-06-18,2018-06-19,2018-06-25,14.260000228881836,15.692149809360505,4,-6.271401678085326
PETR4,2018-06-19,2018-06-20,2018-06-26,15.84000015258789,16.031980915069582,4,-11.232076950073235
PETR4,2018-06-20,2018-06-21,2018-06-27,16.09000015258789,16.54172423744202,4,-10.193103660583489
PETR4,2018-06-21,2018-06-22,2018-06-28,15.40999984741211,16.591700381278994,4,-7.273197864532463
PETR4,2018-06-22,2018-06-25,2018-06-29,15.199999809265137,17.18140553379059,4,-4.074377101898193
PETR4,2018-06-25,2018-06-26,2018-07-02,15.899999618530272,17.461264313697814,4,-5.7549412193298295
PETR4,2018-06-26,2018-06-27,2018-07-03,16.100000381469727,17.49125,4,-6.435001525878903
PETR4,2018-06-27,2018-06-28,2018-07-04,16.719999313354492,17.60119561004639,4,-8.475214813232412
PETR4,2018-06-28,2018-06-29,2018-07-05,16.850000381469727,17.85107061004639,4,-7.995719085693352
PETR4,2018-06-29,2018-07-02,2018-07-06,16.989999771118164,17.93103053379059,4,-8.235876949310295
PETR4,2018-07-02,2018-07-03,2018-07-10,17.739999771118164,17.741125,4,-11.995499084472655
PETR4,2018-07-03,2018-07-04,2018-07-11,17.3799991607666,17.401294847488405,4,-11.914817253112787
VALE3,2018-07-03,2018-07-04,2018-07-11,48.16999816894531,48.83557061004639,1,-11.334427558898923
PETR4,2018-07-04,2018-07-05,2018-07-12,18.600000381469727,17.941025762557985,4,-14.635898475646968
VALE3,2018-07-04,2018-07-05,2018-07-12,48.54999923706055,50.424775762557985,1,-10.125223474502562
PETR4,2018-07-05,2018-07-06,2018-07-13,17.969999313354492,18.100945610046384,4,-11.476214813232431
PETR4,2018-07-06,2018-07-10,2018-07-16,18.34000015258789,17.87105916118622,4,-13.87576396560668
PETR4,2018-07-10,2018-07-11,2018-07-17,17.489999771118164,18.28085591506958,4,-8.836575424194336
PETR4,2018-07-11,2018-07-12,2018-07-18,17.6200008392334,18.04097423744202,5,-9.8951330089569
VALE3,2018-07-11,2018-07-12,2018-07-18,49.34999847412109,51.42427576255798,1,-9.925722711563104
PETR4,2018-07-12,2018-07-13,2018-07-19,17.989999771118164,18.390799618721015,5,-9.996000761985744
PETR4,2018-07-13,2018-07-16,2018-07-20,17.950000762939453,19.28035591506958,5,-5.34822423934936
PETR4,2018-07-16,2018-07-17,2018-07-23,17.790000915527344,19.250370228767398,5,-4.698153433799728
PETR4,2018-07-17,2018-07-18,2018-07-24,18.25,19.650169847488403,5,-4.999150762557985
PETR4,2018-07-18,2018-07-19,2018-07-25,17.84000015258789,19.95001908493042,5,-1.4499053382873477
PETR4,2018-07-19,2018-07-20,2018-07-26,19.170000076293945,19.400294847488404,5,-10.848526144027709
PETR4,2018-07-20,2018-07-23,2018-07-27,19.299999237060547,19.76011545753479,5,-9.699418897628778
VALE3,2018-07-20,2018-07-23,2018-07-27,49.08000183105469,53.423275762557985,1,-7.6567260684967025
PETR4,2018-07-23,2018-07-24,2018-07-30,19.56999969482422,19.880054389953617,5,-10.449726524353007
PETR4,2018-07-24,2018-07-25,2018-07-31,19.799999237060547,19.710139313697812,5,-12.449299616813672
PETR4,2018-07-25,2018-07-26,2018-08-01,19.950000762939453,19.9999952287674,5,-11.750027670860266
PETR4,2018-07-26,2018-07-27,2018-08-02,19.600000381469727,20.399794847488405,5,-8.001027669906609
PETR4,2018-07-27,2018-07-30,2018-08-03,19.950000762939453,21.099445610046384,5,-6.252775764465344
PETR4,2018-07-30,2018-07-31,2018-08-06,19.6200008392334,21.02948091506958,6,-3.5431195449829076
PETR4,2018-07-31,2018-08-01,2018-08-07,19.59000015258789,20.69964408493042,6,-5.342136405944828
PETR4,2018-08-01,2018-08-02,2018-08-08,19.989999771118164,20.129929389953617,5,-11.300351905822737
PETR4,2018-08-02,2018-08-03,2018-08-09,21.39999961853028,20.329830152511597,5,-17.350847330093416
PETR4,2018-08-03,2018-08-06,2018-08-10,21.14999961853028,19.5802051525116,5,-19.848972330093407
PETR4,2018-08-06,2018-08-07,2018-08-13,21.32999992370605,20.029980915069583,5,-18.50009504318234
PETR4,2018-08-07,2018-08-08,2018-08-14,20.809999465942383,19.97000954246521,5,-16.199949617385865
PETR4,2018-08-08,2018-08-09,2018-08-15,20.26000022888184,19.040474237442016,5,-18.097629957199118
PETR4,2018-08-09,2018-08-10,2018-08-16,20.100000381469727,18.940525762557986,5,-17.797373094558704
PETR4,2018-08-10,2018-08-13,2018-08-17,19.5,18.45076908493042,5,-17.246154575347894
PETR4,2018-08-13,2018-08-14,2018-08-20,20.280000686645508,18.350820610046384,5,-21.64590038299562
PETR4,2018-08-14,2018-08-15,2018-08-21,19.63999938964844,17.711139313697817,5,-21.64430037975312
PETR4,2018-08-15,2018-08-16,2018-08-22,19.31999969482422,18.340825381278993,5,-16.89587156772613
VALE3,2018-08-15,2018-08-16,2018-08-22,50.900001525878906,53.27334923744202,1,-9.626652288436887
PETR4,2018-08-16,2018-08-17,2018-08-23,18.75,17.941025762557985,5,-16.044871187210077
VALE3,2018-08-16,2018-08-17,2018-08-23,49.52999877929688,53.32332347488403,1,-8.206675304412855
PETR4,2018-08-17,2018-08-20,2018-08-24,18.3700008392334,18.290849237442018,5,-12.395758008956903
VALE3,2018-08-17,2018-08-20,2018-08-24,51.09999847412109,54.12292652511597,1,-8.977071949005115
PETR4,2018-08-20,2018-08-21,2018-08-27,18.270000457763672,18.70064408493042,5,-9.846781864166257
PETR4,2018-08-21,2018-08-22,2018-08-28,17.700000762939453,18.340825381278993,6,-8.15505228996276
PETR4,2018-08-22,2018-08-23,2018-08-29,18.350000381469727,19.29034923744202,5,-7.298255720138538
PETR4,2018-08-23,2018-08-24,2018-08-30,18.350000381469727,18.790599237442017,6,-9.35640686416626
PETR4,2018-08-24,2018-08-27,2018-08-31,18.40999984741211,19.250370228767398,6,-6.9577777118682675
PETR4,2018-08-27,2018-08-28,2018-09-03,18.76000022888184,18.9905,6,-10.617001373291032
PETR4,2018-08-28,2018-08-29,2018-09-04,18.5,18.640674618721018,5,-11.29662690639491
PETR4,2018-08-29,2018-08-30,2018-09-05,19.14999961853028,18.740625,5,-14.046873092651396
PETR4,2018-08-30,2018-08-31,2018-09-06,18.950000762939453,18.980504771232606,5,-11.847479958534233
PETR4,2018-08-31,2018-09-03,2018-09-10,18.989999771118164,19.250370228767398,5,-10.69814771175383
PETR4,2018-09-03,2018-09-04,2018-09-11,19.1299991607666,18.490750000000002,5,-15.196245803832998
PETR4,2018-09-04,2018-09-05,2018-09-12,18.559999465942383,18.940525762557986,6,-9.716842220306383
PETR4,2018-09-05,2018-09-06,2018-09-13,18.989999771118164,18.70064408493042,6,-13.736134117126461
VALE3,2018-09-05,2018-09-06,2018-09-13,52.790000915527344,53.75310877990724,1,-11.036892135620107
PETR4,2018-09-06,2018-09-10,2018-09-14,19.36000061035156,18.780605915069582,5,-14.896973476409883
PETR4,2018-09-10,2018-09-11,2018-09-17,18.8700008392334,19.390299618721016,5,-9.39850610256191
PETR4,2018-09-11,2018-09-12,2018-09-18,18.809999465942383,20.239875,5,-4.850622329711907
PETR4,2018-09-12,2018-09-13,2018-09-19,19.030000686645508,19.97000954246521,5,-7.29995572090149
PETR4,2018-09-13,2018-09-14,2018-09-20,18.799999237060547,19.86006583881378,6,-5.6396003894805915
PETR4,2018-09-14,2018-09-17,2018-09-21,18.6299991607666,20.129929389953617,6,-3.0004186248779092
PETR4,2018-09-17,2018-09-18,2018-09-24,19.5,19.990000000000002,5,-9.54999999999999
PETR4,2018-09-18,2018-09-19,2018-09-25,19.93000030517578,20.0699599237442,5,-11.300201907157906
PETR4,2018-09-19,2018-09-20,2018-09-26,20.26000022888184,20.17990553379059,5,-12.400473475456256
PETR4,2018-09-20,2018-09-21,2018-09-27,20.14999961853028,21.44926908493042,5,-5.503652667999297
PETR4,2018-09-21,2018-09-24,2018-09-28,20.200000762939453,21.0794551525116,5,-7.60272805213927
PETR4,2018-09-24,2018-09-25,2018-10-01,19.700000762939453,20.9895,5,-5.552503814697268
PETR4,2018-09-25,2018-09-26,2018-10-02,20.239999771118164,22.808589694976806,5,0.8429496192932113
PETR4,2018-09-26,2018-09-27,2018-10-03,20.5,23.77810591506958,5,4.390529575347905
PETR4,2018-09-27,2018-09-28,2018-10-04,21.1299991607666,24.00799045753479,5,2.389956483840951
PETR4,2018-09-28,2018-10-01,2018-10-05,21.25,23.948019084930422,5,1.490095424652111
PETR4,2018-10-01,2018-10-02,2018-10-08,22.0,26.586700381278995,4,6.346801525115978
PETR4,2018-10-02,2018-10-03,2018-10-09,25.25,26.806589694976807,3,-7.330230915069578
PETR4,2018-10-03,2018-10-04,2018-10-10,23.450000762939453,26.036974237442017,3,-4.239079576492308
PETR4,2018-10-04,2018-10-05,2018-10-11,24.489999771118164,25.27735591506958,3,-9.63793156814575
PETR4,2018-10-05,2018-10-08,2018-10-15,26.940000534057617,25.75711545753479,2,-14.365770153045652
PETR4,2018-10-08,2018-10-09,2018-10-16,26.479999542236328,26.71663454246521,2,-11.526729999542233
PETR4,2018-10-09,2018-10-10,2018-10-17,26.309999465942383,26.436775762557986,2,-11.746447406768795
PETR4,2018-10-10,2018-10-11,2018-10-18,26.549999237060547,25.687150762557984,2,-13.725696949005126
PETR4,2018-10-11,2018-10-15,2018-10-19,25.89999961853028,25.9070400762558,2,-11.98591908454896
PETR4,2018-10-15,2018-10-16,2018-10-22,26.200000762939453,26.516735686302187,2,-11.366530153274532
PETR4,2018-10-16,2018-10-17,2018-10-23,26.440000534057617,26.186900762557986,2,-12.506199542999262
PETR4,2018-10-17,2018-10-18,2018-10-24,26.290000915527344,25.667160305023195,2,-13.245681221008297
PETR4,2018-10-18,2018-10-19,2018-10-25,26.290000915527344,26.30683969497681,2,-11.96632244110107
PETR4,2018-10-19,2018-10-22,2018-10-26,26.270000457763672,27.586200381278992,2,-9.36760015296936
PETR4,2018-10-22,2018-10-23,2018-10-29,26.14999961853028,26.4067900762558,2,-11.486419084548963
PETR4,2018-10-23,2018-10-24,2018-10-30,26.40999984741211,27.986,2,-8.847999694824217
PETR4,2018-10-24,2018-10-25,2018-10-31,26.18000030517578,27.606190838813784,2,-9.147618932723994
PETR4,2018-10-25,2018-10-26,2018-11-01,26.64999961853028,27.30633969497681,2,-10.687319847106941
PETR4,2018-10-26,2018-10-29,2018-11-05,26.75,28.145919847488404,2,-9.208160305023192
PETR4,2018-10-29,2018-10-30,2018-11-06,26.700000762939453,27.17640553379059,2,-11.047190458297727
PETR4,2018-10-30,2018-10-31,2018-11-07,28.26000022888184,26.286849237442016,2,-15.946301982879646
PETR4,2018-10-31,2018-11-01,2018-11-08,27.76000022888184,25.337325381278994,2,-16.84534969520569
PETR4,2018-11-01,2018-11-05,2018-11-09,27.5,25.447269084930422,2,-16.105461830139156
PETR4,2018-11-05,2018-11-06,2018-11-12,27.299999237060547,25.3173349237442,2,-15.965328626632697
PETR4,2018-11-06,2018-11-07,2018-11-13,27.61000061035156,24.227879771232605,2,-18.76424167823791
PETR4,2018-11-07,2018-11-08,2018-11-14,26.799999237060547,25.087450381278995,2,-15.425097711563104
PETR4,2018-11-08,2018-11-09,2018-11-16,25.200000762939453,25.787099237442018,2,-10.825803050994871
PETR4,2018-11-09,2018-11-12,2018-11-19,25.540000915527344,25.987000000000002,2,-11.106001831054684
PETR4,2018-11-12,2018-11-13,2018-11-21,25.31999969482422,25.1574150762558,2,-12.32516923713684
PETR4,2018-11-13,2018-11-14,2018-11-22,24.239999771118164,25.137424618721017,2,-10.205150304794294
PETR4,2018-11-14,2018-11-16,2018-11-23,25.38999938964844,24.35781583881378,2,-14.064367101669319
PETR4,2018-11-16,2018-11-19,2018-11-26,25.559999465942383,24.237875000000003,2,-14.64424893188476
PETR4,2018-11-19,2018-11-21,2018-11-27,25.100000381469727,25.517235686302186,2,-11.165529390335081
PETR4,2018-11-21,2018-11-22,2018-11-28,25.280000686645508,25.36730916118622,2,-11.825383050918575
PETR4,2018-11-22,2018-11-23,2018-11-29,24.64999961853028,25.1574150762558,2,-10.985169084548964
PETR4,2018-11-23,2018-11-26,2018-11-30,24.799999237060547,25.447269084930422,2,-10.70546030426025
PETR4,2018-11-26,2018-11-27,2018-12-03,24.3700008392334,25.92703053379059,2,-8.88594061088562
PETR4,2018-11-27,2018-11-28,2018-12-04,25.5,25.3273301525116,2,-12.3453396949768
PETR4,2018-11-28,2018-11-29,2018-12-05,24.959999084472656,25.547219466209413,2,-10.825559236526487
PETR4,2018-11-29,2018-11-30,2018-12-06,25.11000061035156,24.577705152511598,2,-13.064590915679922
PETR4,2018-11-30,2018-12-03,2018-12-07,26.299999237060547,24.75761545753479,2,-15.084767559051514
PETR4,2018-12-03,2018-12-04,2018-12-10,26.25,23.42828053379059,2,-17.643438932418817
PETR4,2018-12-04,2018-12-05,2018-12-11,25.46999931335449,23.278355915069582,2,-16.383286796569813
PETR4,2018-12-05,2018-12-06,2018-12-12,24.989999771118164,23.288349237442016,2,-15.403301067352295
PETR4,2018-12-06,2018-12-07,2018-12-13,24.520000457763672,23.348320610046386,2,-14.343359695434572
PETR4,2018-12-07,2018-12-10,2018-12-14,24.770000457763672,23.038474237442017,2,-15.46305244064331
PETR4,2018-12-10,2018-12-11,2018-12-17,23.920000076293945,22.85856583881378,2,-14.122868474960327
PETR4,2018-12-11,2018-12-12,2018-12-18,23.739999771118164,21.989,2,-15.501999542236327
PETR4,2018-12-12,2018-12-13,2018-12-19,23.290000915527344,22.238875,3,-15.15337774658203
PETR4,2018-12-13,2018-12-14,2018-12-20,23.07999992370605,21.479254771232608,3,-16.80223545742033
PETR4,2018-12-14,2018-12-17,2018-12-21,23.21999931335449,21.539224237442017,3,-17.042325227737415
PETR4,2018-12-17,2018-12-18,2018-12-26,22.780000686645508,21.669160305023194,3,-15.332521144866941
PETR4,2018-12-18,2018-12-19,2018-12-27,22.5,21.6591650762558,3,-14.522504771232601
PETR4,2018-12-19,2018-12-20,2018-12-28,22.309999465942383,22.668660305023195,3,-10.924017482757563
PETR4,2018-12-20,2018-12-21,2019-01-02,21.39999961853028,24.047969466209413,3,-4.056090456962604
PETR4,2018-12-21,2018-12-26,2019-01-03,20.59000015258789,24.637674618721018,3,0.14302339839938227
PETR4,2018-12-26,2018-12-27,2019-01-04,21.520000457763672,24.70763931369781,3,-2.437083432197582
PETR4,2018-12-27,2018-12-28,2019-01-07,22.11000061035156,25.097445610046385,3,-3.0376650009155206
PETR4,2018-12-28,2019-01-02,2019-01-08,22.549999237060547,24.94751908493042,3,-4.807440456390381
PETR4,2019-01-02,2019-01-03,2019-01-09,23.959999084472656,25.46725954246521,2,-8.98547908401489
PETR4,2019-01-03,2019-01-04,2019-01-10,24.850000381469727,25.2473702287674,2,-11.20526030540465
PETR4,2019-01-04,2019-01-07,2019-01-11,24.850000381469727,24.977504771232606,2,-11.74499122047424
PETR4,2019-01-07,2019-01-08,2019-01-14,25.39999961853028,24.83757538127899,2,-13.124848474502578
PETR4,2019-01-08,2019-01-09,2019-01-15,25.299999237060547,24.8175849237442,2,-12.964828626632695
PETR4,2019-01-09,2019-01-10,2019-01-16,25.26000022888184,24.80758969497681,3,-13.357231601715092
PETR4,2019-01-10,2019-01-11,2019-01-17,25.14999961853028,25.147419847488404,3,-12.00773931312563
PETR4,2019-01-11,2019-01-14,2019-01-18,24.81999969482422,25.387299618721016,3,-10.298100228309607
PETR4,2019-01-14,2019-01-15,2019-01-21,24.82999992370605,25.517235686302186,3,-9.938292712211595
PETR4,2019-01-15,2019-01-16,2019-01-22,24.799999237060547,25.11743416118622,3,-11.047695227622977
PETR4,2019-01-16,2019-01-17,2019-01-23,24.75,25.417285305023196,3,-9.998144084930413
PETR4,2019-01-17,2019-01-18,2019-01-24,25.440000534057617,25.52723091506958,3,-11.73830885696411
PETR4,2019-01-18,2019-01-21,2019-01-28,25.309999465942383,24.75761545753479,3,-13.657152025222778
PETR4,2019-01-21,2019-01-22,2019-01-29,25.26000022888184,25.357315838813783,3,-11.70805317020417
PETR4,2019-01-22,2019-01-23,2019-01-30,25.32999992370605,25.607190838813782,3,-11.168427254676807
PETR4,2019-01-23,2019-01-24,2019-01-31,25.39999961853028,25.5672099237442,4,-11.331158779144317
PETR4,2019-01-24,2019-01-28,2019-02-01,25.290000915527344,25.787099237442018,3,-10.508705034255978
PETR4,2019-01-28,2019-01-29,2019-02-04,25.25,26.016985686302185,3,-9.699042941093445
PETR4,2019-01-29,2019-01-30,2019-02-05,25.809999465942383,26.0669599237442,3,-11.229118626594548
PETR4,2019-01-30,2019-01-31,2019-02-06,25.8700008392334,25.477254771232605,3,-13.17823820400238
PETR4,2019-01-31,2019-02-01,2019-02-07,25.5,25.077455152511597,4,-13.690179389953613
PETR4,2019-02-01,2019-02-04,2019-02-08,25.84000015258789,25.11743416118622,4,-14.890263965606678
PETR4,2019-02-04,2019-02-05,2019-02-11,25.90999984741211,24.827580152511597,4,-16.329678779602048
PETR4,2019-02-05,2019-02-06,2019-02-12,25.799999237060547,25.707139313697812,4,-12.371439693450938
PETR4,2019-02-06,2019-02-07,2019-02-13,25.600000381469727,26.036974237442017,3,-10.689078432083129
PETR4,2019-02-07,2019-02-08,2019-02-14,24.799999237060547,26.936525762557984,4,-3.45389389801025
PETR4,2019-02-08,2019-02-11,2019-02-15,25.170000076293945,26.8265801525116,3,-7.030259771347037
PETR4,2019-02-11,2019-02-12,2019-02-18,25.31999969482422,26.7466202287674,3,-7.720138398170452
PETR4,2019-02-12,2019-02-13,2019-02-19,26.020000457763672,27.36630916118622,3,-7.961073889732358
PETR4,2019-02-13,2019-02-14,2019-02-20,26.170000076293945,27.02648091506958,3,-9.430557483673095
PETR4,2019-02-14,2019-02-15,2019-02-21,26.86000061035156,27.38629961872102,3,-10.421102974891621
PETR4,2019-02-15,2019-02-18,2019-02-22,26.59000015258789,27.11643416118622,3,-10.420697974205012
PETR4,2019-02-18,2019-02-19,2019-02-25,26.86000061035156,26.686650762557985,3,-12.520049543380722
PETR4,2019-02-19,2019-02-20,2019-02-26,27.5,26.5667099237442,3,-14.799870228767404
PETR4,2019-02-20,2019-02-21,2019-02-27,27.18000030517578,27.0664599237442,3,-12.34062114429474
PETR4,2019-02-21,2019-02-22,2019-02-28,27.549999237060547,27.046469466209413,3,-13.510589312553403
PETR4,2019-02-22,2019-02-25,2019-03-01,27.0,26.686650762557985,3,-12.940047712326045
PETR4,2019-02-25,2019-02-26,2019-03-06,26.76000022888184,26.7466202287674,3,-12.040140000343314
PETR4,2019-02-26,2019-02-27,2019-03-07,26.84000015258789,26.756615457534792,3,-12.250154085159295
PETR4,2019-02-27,2019-02-28,2019-03-08,27.71999931335449,26.6566650762558,3,-15.19000271129607
PETR4,2019-02-28,2019-03-01,2019-03-11,27.13999938964844,27.736125,3,-10.21162316894532
PETR4,2019-03-01,2019-03-06,2019-03-12,26.549999237060547,27.486250000000002,3,-9.191247711181635
PETR4,2019-03-06,2019-03-07,2019-03-13,26.799999237060547,28.085950381278995,3,-8.142146567344657
PETR4,2019-03-07,2019-03-08,2019-03-14,26.489999771118164,28.17590553379059,3,-6.94228271198272
PETR4,2019-03-08,2019-03-11,2019-03-15,27.020000457763672,28.235875,3,-8.352376373291015
PETR4,2019-03-11,2019-03-12,2019-03-18,27.790000915527344,28.725629771232608,3,-9.193113432884207
PETR4,2019-03-12,2019-03-13,2019-03-19,27.59000015258789,29.185400762557986,3,-7.213798170089714
PETR4,2019-03-13,2019-03-14,2019-03-20,28.14999961853028,28.95551431369781,3,-9.583455914497407
PETR4,2019-03-14,2019-03-15,2019-03-21,28.15999984741211,28.545719466209412,3,-10.84284114360809
PETR4,2019-03-15,2019-03-18,2019-03-22,28.350000381469727,26.986500000000003,3,-16.09050114440917
PETR4,2019-03-18,2019-03-19,2019-03-25,28.850000381469727,27.3263301525116,3,-16.571010686874384
PETR4,2019-03-19,2019-03-20,2019-03-26,29.200000762939453,28.61568416118622,3,-13.7529498052597
PETR4,2019-03-20,2019-03-21,2019-03-27,28.84000015258789,27.3263301525116,3,-16.541010000228876
PETR4,2019-03-21,2019-03-22,2019-03-28,27.940000534057617,28.045969466209414,3,-11.68209320354461
PETR4,2019-03-22,2019-03-25,2019-03-29,26.82999992370605,28.045969466209414,3,-8.352091372489912
PETR4,2019-03-25,2019-03-26,2019-04-01,27.739999771118164,27.986,2,-11.507999542236327
PETR4,2019-03-26,2019-03-27,2019-04-02,28.209999084472656,28.27585591506958,2,-11.86828633880615
PETR4,2019-03-27,2019-03-28,2019-04-03,27.25,27.526230915069583,2,-11.447538169860835
PETR4,2019-03-28,2019-03-29,2019-04-04,28.450000762939453,28.455764313697813,2,-11.98847289848328
PETR4,2019-03-29,2019-04-01,2019-04-05,28.39999961853028,28.765610686302185,2,-11.26877786445619
PETR4,2019-04-01,2019-04-02,2019-04-08,28.13999938964844,29.235375,2,-9.80924877929688
PETR4,2019-04-02,2019-04-03,2019-04-09,28.530000686645508,29.145419847488405,2,-10.769161678314205
PETR4,2019-04-03,2019-04-04,2019-04-10,27.770000457763672,28.765610686302185,2,-10.008779542922973
PETR4,2019-04-04,2019-04-05,2019-04-11,28.540000915527344,27.986,2,-13.108001831054686
PETR4,2019-04-05,2019-04-08,2019-04-12,29.059999465942383,25.8170849237442,2,-18.485829084396364
PETR4,2019-04-08,2019-04-09,2019-04-15,29.030000686645508,25.917035305023195,2,-18.225930763244627
PETR4,2019-04-09,2019-04-10,2019-04-16,29.549999237060547,26.706639313697814,2,-17.686719846725467
PETR4,2019-04-10,2019-04-11,2019-04-17,28.700000762939453,26.736625,2,-15.926751525878906
PETR4,2019-04-11,2019-04-12,2019-04-18,26.46999931335449,27.586200381278992,2,-9.767597864150993
PETR4,2019-04-12,2019-04-15,2019-04-22,26.350000381469727,27.42628053379059,2,-9.847439695358275
PETR4,2019-04-15,2019-04-16,2019-04-23,25.950000762939453,27.666160305023194,2,-8.567680915832518
PETR4,2019-04-16,2019-04-17,2019-04-24,27.1200008392334,27.586200381278992,2,-11.067600915908812
PETR4,2019-04-17,2019-04-18,2019-04-25,27.36000061035156,27.786099237442016,2,-11.147802745819085
PETR4,2019-04-18,2019-04-22,2019-04-26,27.690000534057617,27.236375000000002,2,-12.90725106811523
PETR4,2019-04-22,2019-04-23,2019-04-29,27.71999931335449,27.35631583881378,2,-12.727366949081414
PETR4,2019-04-23,2019-04-24,2019-04-30,27.71999931335449,27.096445610046384,2,-13.247107406616209
PETR4,2019-04-24,2019-04-25,2019-05-02,27.450000762939453,26.71663454246521,2,-13.466732440948483
PETR4,2019-04-25,2019-04-26,2019-05-03,27.68000030517578,26.836575381278994,2,-13.686849847793574
PETR4,2019-04-26,2019-04-29,2019-05-06,27.549999237060547,26.756615457534792,2,-13.58676755905151
PETR4,2019-04-29,2019-04-30,2019-05-07,27.520000457763672,26.33682538127899,2,-14.36635015296936
PETR4,2019-04-30,2019-05-02,2019-05-08,26.799999237060547,27.35631583881378,2,-10.88736679649353
PETR4,2019-05-02,2019-05-03,2019-05-09,26.89999961853028,26.816584923744198,2,-12.166829389572165
PETR4,2019-05-03,2019-05-06,2019-05-10,26.38999938964844,26.666660305023196,2,-11.44667816925049
PETR4,2019-05-06,2019-05-07,2019-05-13,26.64999961853028,25.887049618721015,2,-13.525899999618531
PETR4,2019-05-07,2019-05-08,2019-05-14,26.309999465942383,25.987000000000002,2,-12.645998931884762
PETR4,2019-05-08,2019-05-09,2019-05-15,27.100000381469727,25.86705916118622,2,-14.465882440567015
PETR4,2019-05-09,2019-05-10,2019-05-16,26.8700008392334,25.257365457534792,2,-15.225270763397212
PETR4,2019-05-10,2019-05-13,2019-05-17,26.209999084472656,24.667660305023194,2,-15.084677558898925
PETR4,2019-05-13,2019-05-14,2019-05-20,26.170000076293945,25.50724045753479,2,-13.325519237518307
PETR4,2019-05-14,2019-05-15,2019-05-21,25.739999771118164,26.476754771232606,3,-9.789734999656673
PETR4,2019-05-15,2019-05-16,2019-05-22,25.770000457763672,26.276855915069582,3,-10.479433628082269
PETR4,2019-05-16,2019-05-17,2019-05-23,25.049999237060547,25.8270801525116,3,-9.668757253646845
PETR4,2019-05-17,2019-05-20,2019-05-24,24.68000030517578,26.076955152511598,3,-7.80913545799255
PETR4,2019-05-20,2019-05-21,2019-05-27,25.700000762939453,26.226879771232607,2,-10.946241983413692
PETR4,2019-05-21,2019-05-22,2019-05-28,26.34000015258789,26.78659923744202,2,-11.106801830291744
PETR4,2019-05-22,2019-05-23,2019-05-29,25.89999961853028,26.48675,2,-10.82649923706056
PETR4,2019-05-23,2019-05-24,2019-05-30,26.14999961853028,26.136924618721018,2,-12.026149999618525
PETR4,2019-05-24,2019-05-27,2019-05-31,26.299999237060547,25.537224237442018,3,-14.288324998855586
PETR4,2019-05-27,2019-05-28,2019-06-03,26.1299991607666,25.977004771232608,3,-12.458983168601982
PETR4,2019-05-28,2019-05-29,2019-06-04,26.489999771118164,26.186900762557986,3,-12.909297025680534
PETR4,2019-05-29,2019-05-30,2019-06-05,26.51000022888184,25.847070610046384,2,-13.325859237670912
PETR4,2019-05-30,2019-05-31,2019-06-06,25.790000915527344,26.266860686302188,2,-11.046280458450312
PETR4,2019-05-31,2019-06-03,2019-06-07,25.8799991607666,26.7466202287674,2,-10.2667578639984
PETR4,2019-06-03,2019-06-04,2019-06-10,26.290000915527344,26.636674618721017,3,-10.95997889041898
PETR4,2019-06-04,2019-06-05,2019-06-11,26.18000030517578,27.146419847488406,3,-9.100741373062124
PETR4,2019-06-05,2019-06-06,2019-06-12,26.170000076293945,26.836575381278994,2,-10.666849390029903
PETR4,2019-06-06,2019-06-07,2019-06-13,26.690000534057617,27.166410305023195,2,-11.047180458068844
PETR4,2019-06-07,2019-06-10,2019-06-14,26.600000381469727,27.046469466209413,3,-10.660592745780942
PETR4,2019-06-10,2019-06-11,2019-06-17,26.88999938964844,27.096445610046384,3,-11.38066133880617
PETR4,2019-06-11,2019-06-12,2019-06-18,27.020000457763672,27.436275762557983,3,-10.751174085617066
PETR4,2019-06-12,2019-06-13,2019-06-19,27.14999961853028,27.50624045753479,3,-10.93127748298647
PETR4,2019-06-13,2019-06-14,2019-06-21,27.200000762939453,28.265860686302187,3,-8.8024202299118
PETR4,2019-06-14,2019-06-17,2019-06-24,27.07999992370605,28.235875,3,-8.532374771118153
PETR4,2019-06-17,2019-06-18,2019-06-25,27.299999237060547,27.4962452287674,3,-11.411262024879441
PETR4,2019-06-18,2019-06-19,2019-06-26,27.350000381469727,27.6561650762558,3,-11.081505915641781
PETR4,2019-06-19,2019-06-21,2019-06-27,27.950000762939453,27.21638454246521,3,-14.200848661422729
PETR4,2019-06-21,2019-06-24,2019-06-28,28.31999969482422,27.396294847488406,3,-14.771114542007439
PETR4,2019-06-24,2019-06-25,2019-07-01,28.13999938964844,27.2463702287674,3,-14.680887482643122
PETR4,2019-06-25,2019-06-26,2019-07-02,27.549999237060547,26.806589694976807,3,-14.230228626251218
PETR4,2019-06-26,2019-06-27,2019-07-03,27.440000534057617,27.166410305023195,3,-12.820770687103266
PETR4,2019-06-27,2019-06-28,2019-07-04,27.450000762939453,27.376304389953617,3,-12.221089118957508
PETR4,2019-06-28,2019-07-01,2019-07-05,27.84000015258789,27.38629961872102,3,-13.361101601600616
PETR4,2019-07-01,2019-07-02,2019-07-08,27.26000022888184,27.636174618721018,3,-10.871476830482464
PETR4,2019-07-02,2019-07-03,2019-07-10,27.040000915527344,28.055964694976808,3,-8.952108661651607
PETR4,2019-07-03,2019-07-04,2019-07-11,27.3799991607666,28.385799618721016,3,-8.982598626136756
PETR4,2019-07-04,2019-07-05,2019-07-12,27.270000457763672,28.515735686302186,3,-8.262794314384458
PETR4,2019-07-05,2019-07-08,2019-07-15,27.5,28.165910305023196,3,-10.002269084930411
PETR4,2019-07-08,2019-07-10,2019-07-16,28.0,27.8160849237442,3,-12.551745228767402
PETR4,2019-07-10,2019-07-11,2019-07-17,28.200000762939453,27.666160305023194,3,-13.601521373748778
PETR4,2019-07-11,2019-07-12,2019-07-18,28.540000915527344,27.4962452287674,3,-15.131267060279832
PETR4,2019-07-12,2019-07-15,2019-07-19,28.59000015258789,27.42628053379059,3,-15.491158856391905
PETR4,2019-07-15,2019-07-16,2019-07-22,28.280000686645508,27.476254771232608,3,-14.411237746238701
PETR4,2019-07-16,2019-07-17,2019-07-23,27.989999771118164,27.50624045753479,3,-13.45127794075012
PETR4,2019-07-17,2019-07-18,2019-07-24,27.76000022888184,27.336325381278993,3,-13.27102454280854
PETR4,2019-07-18,2019-07-19,2019-07-25,27.5,26.87655438995362,3,-13.870336830139145
PETR4,2019-07-19,2019-07-22,2019-07-26,27.6200008392334,26.126929389953617,3,-16.479214347839346
PETR4,2019-07-22,2019-07-23,2019-07-29,27.51000022888184,26.366809161186218,3,-15.429573203086864
PETR4,2019-07-23,2019-07-24,2019-07-30,27.59000015258789,26.226879771232607,3,-16.08936114406585
PETR4,2019-07-24,2019-07-25,2019-07-31,27.46999931335449,26.0669599237442,3,-16.209118168830866
PETR4,2019-07-25,2019-07-26,2019-08-01,26.799999237060547,26.236875,3,-13.689372711181637
PETR4,2019-07-26,2019-07-29,2019-08-02,26.21999931335449,26.506740457534793,3,-11.139776567459087
PETR4,2019-07-29,2019-07-30,2019-08-05,26.350000381469727,25.537224237442018,3,-14.438328432083125
PETR4,2019-07-30,2019-07-31,2019-08-06,26.38999938964844,25.86705916118622,3,-13.568820685386665
PETR4,2019-07-31,2019-08-01,2019-08-07,26.299999237060547,25.587200381278993,3,-14.13839656734466
PETR4,2019-08-01,2019-08-02,2019-08-08,26.3700008392334,26.33682538127899,3,-12.09952637386322
PETR4,2019-08-02,2019-08-05,2019-08-09,25.799999237060547,26.266860686302188,3,-10.599415652275077
PETR4,2019-08-05,2019-08-06,2019-08-12,25.89999961853028,25.637174618721016,3,-12.788474999427795
PETR4,2019-08-06,2019-08-07,2019-08-13,25.440000534057617,25.77710591506958,3,-10.988683856964112
PETR4,2019-08-07,2019-08-08,2019-08-14,26.100000381469727,24.9075400762558,3,-15.577380915641783
PETR4,2019-08-08,2019-08-09,2019-08-15,26.299999237060547,24.21788454246521,3,-18.24634408378601
PETR4,2019-08-09,2019-08-12,2019-08-16,25.920000076293945,23.898044847488404,3,-18.065865686416625
PETR4,2019-08-12,2019-08-13,2019-08-19,25.36000061035156,24.017985686302186,2,-14.684029848098746
PETR4,2019-08-13,2019-08-14,2019-08-20,25.26000022888184,24.00799045753479,2,-14.504019542694095
PETR4,2019-08-14,2019-08-15,2019-08-21,24.989999771118164,25.437275762557984,2,-11.10544801712036
PETR4,2019-08-15,2019-08-16,2019-08-22,24.71999931335449,25.207389313697814,2,-11.02521999931335
PETR4,2019-08-16,2019-08-19,2019-08-23,24.299999237060547,24.267860686302186,2,-12.064277101516723
PETR4,2019-08-19,2019-08-20,2019-08-26,23.90999984741211,23.948019084930422,3,-11.885942287445062
PETR4,2019-08-20,2019-08-21,2019-08-27,24.350000381469727,24.3278301525116,2,-12.044340457916256
PETR4,2019-08-21,2019-08-22,2019-08-28,25.5,24.577705152511598,2,-13.844589694976804
PETR4,2019-08-22,2019-08-23,2019-08-29,24.780000686645508,25.487250000000003,2,-10.58550137329101
PETR4,2019-08-23,2019-08-26,2019-08-30,24.57999992370605,25.487250000000003,2,-10.185499847412096
PETR4,2019-08-26,2019-08-27,2019-09-02,24.170000076293945,25.28734923744202,2,-9.765301677703853
PETR4,2019-08-27,2019-08-28,2019-09-03,24.200000762939453,25.587200381278993,2,-9.22560076332092
PETR4,2019-08-28,2019-08-29,2019-09-04,24.89999961853028,26.2468702287674,2,-9.306258779525763
PETR4,2019-08-29,2019-08-30,2019-09-05,25.530000686645508,26.37680438995362,2,-10.306392593383777
PETR4,2019-08-30,2019-09-02,2019-09-06,25.38999938964844,26.506740457534793,2,-9.766517864227296
PETR4,2019-09-02,2019-09-03,2019-09-09,25.11000061035156,26.916535305023196,2,-8.386930610656727
PETR4,2019-09-03,2019-09-04,2019-09-10,26.15999984741211,27.086450381278993,2,-10.147098932266232
PETR4,2019-09-04,2019-09-05,2019-09-11,26.600000381469727,26.856565838813783,2,-11.486869085311888
PETR4,2019-09-05,2019-09-06,2019-09-12,26.39999961853028,27.046469466209413,2,-10.707060304641736
PETR4,2019-09-06,2019-09-09,2019-09-13,26.75,26.86655916118622,2,-11.766881677627559
PETR4,2019-09-09,2019-09-10,2019-09-16,27.049999237060547,28.045969466209414,2,-10.008059541702266
PETR4,2019-09-10,2019-09-11,2019-09-17,27.350000381469727,27.67615553379059,2,-11.347689695358277
PETR4,2019-09-11,2019-09-12,2019-09-18,26.86000061035156,27.206389313697812,2,-11.307222593307493
PETR4,2019-09-12,2019-09-13,2019-09-19,27.1200008392334,27.276355915069583,2,-11.68728984832763
PETR4,2019-09-13,2019-09-16,2019-09-20,28.1200008392334,26.986500000000003,2,-14.26700167846679
PETR4,2019-09-16,2019-09-17,2019-09-23,27.65999984741211,27.466259542465213,2,-12.387480609893792
PETR4,2019-09-17,2019-09-18,2019-09-24,27.3700008392334,27.25636545753479,2,-12.227270763397215
PETR4,2019-09-18,2019-09-19,2019-09-25,27.82999992370605,27.3263301525116,2,-13.007339542388905
PETR4,2019-09-19,2019-09-20,2019-09-26,27.350000381469727,27.686150762557986,2,-11.32769923782348
PETR4,2019-09-20,2019-09-23,2019-09-27,27.0,27.646169847488405,2,-10.70766030502319
PETR4,2019-09-23,2019-09-24,2019-09-30,27.420000076293945,27.536224237442017,2,-11.767551677703857
PETR4,2019-09-24,2019-09-25,2019-10-01,27.030000686645508,27.4962452287674,2,-11.067510915756216
PETR4,2019-09-25,2019-09-26,2019-10-02,27.39999961853028,26.706639313697814,2,-13.386720609664934
PETR4,2019-09-26,2019-09-27,2019-10-03,27.549999237060547,26.726629771232606,2,-13.646738931655882
PETR4,2019-09-27,2019-09-30,2019-10-04,27.559999465942383,26.4967452287674,2,-14.126508474349968
PETR4,2019-09-30,2019-10-01,2019-10-07,27.600000381469727,26.1569150762558,2,-14.886170610427854
PETR4,2019-10-01,2019-10-02,2019-10-08,27.21999931335449,26.00699045753479,2,-14.426017711639396
PETR4,2019-10-02,2019-10-03,2019-10-09,26.75,26.506740457534793,2,-12.486519084930414
PETR4,2019-10-03,2019-10-04,2019-10-10,26.850000381469727,26.726629771232606,2,-12.246741220474242
PETR4,2019-10-04,2019-10-07,2019-10-11,26.3700008392334,27.2463702287674,2,-10.247261220931996
PETR4,2019-10-07,2019-10-08,2019-10-14,26.170000076293945,27.296344466209412,2,-9.747311220169067
PETR4,2019-10-08,2019-10-09,2019-10-15,26.350000381469727,27.586200381278992,2,-9.527600000381469
PETR4,2019-10-09,2019-10-10,2019-10-16,26.59000015258789,27.916035305023193,2,-9.347929695129395
PETR4,2019-10-10,2019-10-11,2019-10-17,26.93000030517578,27.646169847488405,2,-10.567660915374752
PETR4,2019-10-11,2019-10-14,2019-10-18,27.040000915527344,27.586200381278992,2,-10.907601068496703
PETR4,2019-10-14,2019-10-15,2019-10-21,27.309999465942383,27.75611545753479,2,-11.107768016815186
PETR4,2019-10-15,2019-10-16,2019-10-22,27.549999237060547,28.555714694976807,2,-9.98856908416748
PETR4,2019-10-16,2019-10-17,2019-10-23,27.93000030517578,28.935525762557987,2,-9.988949085235589
PETR4,2019-10-17,2019-10-18,2019-10-24,27.88999938964844,28.305839694976807,2,-11.168319389343267
PETR4,2019-10-18,2019-10-21,2019-10-25,27.75,29.235375,3,-7.543874999999996
PETR4,2019-10-21,2019-10-22,2019-10-28,27.799999237060547,29.585200381278995,2,-8.429597711563105
PETR4,2019-10-22,2019-10-23,2019-10-29,28.530000686645508,29.805089694976807,2,-9.4498219833374
PETR4,2019-10-23,2019-10-24,2019-10-30,29.14999961853028,30.0649599237442,2,-10.170079389572159
PETR4,2019-10-24,2019-10-25,2019-10-31,29.200000762939453,30.374804389953617,2,-9.650392745971672
PETR4,2019-10-25,2019-10-28,2019-11-01,29.21999931335449,30.414785305023194,2,-9.610428016662588
PETR4,2019-10-28,2019-10-29,2019-11-04,29.39999961853028,30.344820610046384,2,-10.110358016967794
PETR4,2019-10-29,2019-10-30,2019-11-05,29.770000457763672,29.635174618721017,2,-12.26965167808531
PETR4,2019-10-30,2019-10-31,2019-11-06,29.86000061035156,29.695144084930423,2,-12.329713050842273
PETR4,2019-10-31,2019-11-01,2019-11-07,30.59000015258789,30.884549618721017,2,-11.410901067733747
PETR4,2019-11-01,2019-11-04,2019-11-08,30.88999938964844,30.00499045753479,1,-12.88500893211365
PETR4,2019-11-04,2019-11-05,2019-11-11,30.40999984741211,30.434775762557987,1,-11.975224084854123
PETR4,2019-11-05,2019-11-06,2019-11-12,30.049999237060547,30.00499045753479,1,-12.045008779525755
PETR4,2019-11-06,2019-11-07,2019-11-13,30.0,29.885049618721016,1,-12.114950381278984
PETR4,2019-11-07,2019-11-08,2019-11-14,30.450000762939453,29.28534923744202,1,-13.164651525497433
PETR4,2019-11-08,2019-11-11,2019-11-18,29.850000381469727,29.0654599237442,1,-12.784540457725527
PETR4,2019-11-11,2019-11-12,2019-11-19,30.040000915527344,28.765610686302185,1,-13.274390229225158
PETR4,2019-11-12,2019-11-13,2019-11-21,29.950000762939453,29.835075381278994,1,-12.11492538166046
PETR4,2019-11-13,2019-11-14,2019-11-22,29.8799991607666,29.96500954246521,1,-11.91498961830139
PETR4,2019-11-14,2019-11-18,2019-11-25,29.700000762939453,29.71513454246521,1,-11.984866220474242
PETR4,2019-11-18,2019-11-19,2019-11-26,29.25,29.17540553379059,1,-12.074594466209408
PETR4,2019-11-19,2019-11-21,2019-11-27,28.93000030517578,29.3153349237442,1,-11.614665381431582
PETR4,2019-11-21,2019-11-22,2019-11-28,29.76000022888184,29.515235686302187,1,-12.244764542579652
PETR4,2019-11-22,2019-11-25,2019-11-29,29.920000076293945,29.135424618721018,1,-12.784575457572927
PETR4,2019-11-25,2019-11-26,2019-12-02,29.6200008392334,29.05546469497681,1,-12.56453614425659
PETR4,2019-11-26,2019-11-27,2019-12-03,29.350000381469727,28.965509542465213,1,-12.384490839004513
PETR4,2019-11-27,2019-11-28,2019-12-04,29.31999969482422,29.645169847488404,1,-11.674829847335815
PETR4,2019-11-28,2019-11-29,2019-12-05,29.489999771118164,30.034974237442018,1,-11.455025533676146
PETR4,2019-11-29,2019-12-02,2019-12-06,29.39999961853028,30.334825381278993,1,-11.065174237251288
PETR4,2019-12-02,2019-12-03,2019-12-09,29.170000076293945,30.19489408493042,1,-10.975105991363524
PETR4,2019-12-03,2019-12-04,2019-12-10,29.26000022888184,30.42478053379059,1,-10.83521969509125
PETR4,2019-12-04,2019-12-05,2019-12-11,29.63999938964844,30.38479961872102,1,-11.255199770927423
PETR4,2019-12-05,2019-12-06,2019-12-12,30.14999961853028,30.954514313697814,1,-11.195485304832467
PETR4,2019-12-06,2019-12-09,2019-12-13,30.299999237060547,29.96500954246521,1,-12.334989694595336
PETR4,2019-12-09,2019-12-10,2019-12-16,30.100000381469727,29.395294847488405,1,-12.704705533981322
PETR4,2019-12-10,2019-12-11,2019-12-17,30.51000022888184,29.835075381278994,2,-13.349849695205691
PETR4,2019-12-11,2019-12-12,2019-12-18,30.63999938964844,30.524730915069583,1,-12.115268474578858
PETR4,2019-12-12,2019-12-13,2019-12-19,30.88999938964844,30.594695610046386,1,-12.295303779602055
PETR4,2019-12-13,2019-12-16,2019-12-20,30.049999237060547,30.2448702287674,1,-11.805129008293147
PETR4,2019-12-16,2019-12-17,2019-12-23,29.63999938964844,30.484750000000002,1,-11.15524938964844
PETR4,2019-12-17,2019-12-18,2019-12-26,29.75,30.894544847488405,1,-10.855455152511595
PETR4,2019-12-18,2019-12-19,2019-12-27,30.450000762939453,30.50474045753479,1,-11.945260305404663
PETR4,2019-12-19,2019-12-20,2019-12-30,30.600000381469727,30.164910305023195,1,-12.435090076446532
PETR4,2019-12-20,2019-12-23,2020-01-02,30.190000534057617,30.684650762557986,2,-11.010699542999262
PETR4,2019-12-23,2019-12-26,2020-01-03,30.59000015258789,30.434775762557987,2,-12.310448780059808
PETR4,2019-12-26,2019-12-27,2020-01-06,30.690000534057617,30.794594466209414,1,-11.895406067848203
PETR4,2019-12-27,2019-12-30,2020-01-07,30.549999237060547,30.67465553379059,2,-11.75068740653991
PETR4,2019-12-30,2020-01-02,2020-01-08,30.51000022888184,30.484750000000002,2,-12.050500457763675
PETR4,2020-01-02,2020-01-03,2020-01-09,30.8799991607666,30.38479961872102,1,-12.495199542045583
PETR4,2020-01-03,2020-01-06,2020-01-10,30.43000030517578,30.25486545753479,1,-12.17513484764099
PETR4,2020-01-06,2020-01-07,2020-01-13,30.81999969482422,30.3148349237442,1,-12.505164771080018
PETR4,2020-01-07,2020-01-08,2020-01-14,30.690000534057617,29.985000000000003,1,-12.705000534057614
PETR4,2020-01-08,2020-01-09,2020-01-15,30.46999931335449,29.53522423744202,2,-13.869550151824939
PETR4,2020-01-09,2020-01-10,2020-01-16,30.38999938964844,29.505240457534793,2,-13.769517864227296
PETR4,2020-01-10,2020-01-13,2020-01-17,30.350000381469727,29.835075381278994,2,-13.029850000381465
PETR4,2020-01-13,2020-01-14,2020-01-20,30.229999542236328,29.985000000000003,2,-12.48999908447265
PETR4,2020-01-14,2020-01-15,2020-01-21,29.89999961853028,29.605190838813783,2,-12.589617559432995
PETR4,2020-01-15,2020-01-16,2020-01-22,29.600000381469727,29.275355915069582,2,-12.649288932800289
PETR4,2020-01-16,2020-01-17,2020-01-23,29.71999931335449,29.635174618721017,2,-12.169649389266944
PETR4,2020-01-17,2020-01-20,2020-01-24,29.700000762939453,29.28534923744202,2,-12.829303050994866
PETR4,2020-01-20,2020-01-21,2020-01-27,29.799999237060547,28.015985686302187,2,-15.56802710151672
PETR4,2020-01-21,2020-01-22,2020-01-28,29.729999542236328,28.785599237442018,2,-13.888800609588621
PETR4,2020-01-22,2020-01-23,2020-01-29,29.09000015258789,28.835575381278993,2,-12.508849542617796
PETR4,2020-01-23,2020-01-24,2020-01-30,29.559999465942383,28.92553053379059,2,-13.268937864303588
PETR4,2020-01-24,2020-01-27,2020-01-31,28.6299991607666,28.435775762557984,2,-12.388446796417234
PETR4,2020-01-27,2020-01-28,2020-02-03,28.43000030517578,28.165910305023196,1,-12.264090000152585
PETR4,2020-01-28,2020-01-29,2020-02-04,29.0,28.61568416118622,1,-12.38431583881378
PETR4,2020-01-29,2020-01-30,2020-02-05,28.280000686645508,28.37580438995362,1,-11.90419629669189
PETR4,2020-01-30,2020-01-31,2020-02-06,28.6299991607666,29.165410305023194,1,-11.464588855743408
PETR4,2020-01-31,2020-02-03,2020-02-07,28.520000457763672,28.915535305023194,1,-11.604465152740477
PETR4,2020-02-03,2020-02-04,2020-02-10,28.64999961853028,29.11543416118622,1,-11.534565457344062
PETR4,2020-02-04,2020-02-05,2020-02-11,29.049999237060547,29.465259542465212,1,-11.584739694595335
PETR4,2020-02-05,2020-02-06,2020-02-12,28.700000762939453,30.11493416118622,1,-10.585066601753233
PETR4,2020-02-06,2020-02-07,2020-02-13,29.0,29.705139313697813,1,-11.294860686302187
PETR4,2020-02-07,2020-02-10,2020-02-14,28.88999938964844,29.4052900762558,1,-11.484709313392642
PETR4,2020-02-10,2020-02-11,2020-02-17,29.39999961853028,29.345320610046386,1,-12.054679008483895
PETR4,2020-02-11,2020-02-12,2020-02-18,29.63999938964844,29.735125,1,-11.904874389648441
PETR4,2020-02-12,2020-02-13,2020-02-19,29.770000457763672,30.534724237442017,1,-11.235276220321655
PETR4,2020-02-13,2020-02-14,2020-02-20,29.86000061035156,29.9050400762558,1,-11.954960534095758
PETR4,2020-02-14,2020-02-17,2020-02-21,29.6299991607666,29.12542938995362,1,-12.504569770812981
PETR4,2020-02-17,2020-02-18,2020-02-26,29.059999465942383,26.19689408493042,1,-14.863105381011962
PETR4,2020-02-18,2020-02-19,2020-02-27,29.8700008392334,25.28734923744202,1,-16.58265160179138
PETR4,2020-02-19,2020-02-20,2020-02-28,30.799999237060547,25.3273301525116,1,-17.472669084548947
PETR4,2020-02-20,2020-02-21,2020-03-02,29.51000022888184,26.516735686302187,1,-14.993264542579652
PETR4,2020-02-21,2020-02-26,2020-03-03,27.040000915527344,26.036974237442017,1,-13.003026678085327
PETR4,2020-02-26,2020-02-27,2020-03-04,25.71999931335449,26.87655438995362,1,-10.84344492340087
PETR4,2020-02-27,2020-02-28,2020-03-05,25.15999984741211,25.27735591506958,1,-11.882643932342528
PETR4,2020-02-28,2020-03-02,2020-03-06,25.5,22.8185849237442,1,-14.6814150762558
PETR4,2020-03-02,2020-03-03,2020-03-09,26.56999969482422,16.041974237442016,1,-22.528025457382203
PETR4,2020-03-03,2020-03-04,2020-03-10,26.90999984741211,17.551219466209414,1,-21.358780381202696
PETR4,2020-03-04,2020-03-05,2020-03-11,26.32999992370605,15.842075381278994,1,-22.48792454242706
PETR4,2020-03-05,2020-03-06,2020-03-12,24.100000381469727,12.593700381278994,1,-23.506300000190734
PETR4,2020-03-06,2020-03-09,2020-03-13,17.809999465942383,15.392299618721008,1,-14.417699847221375
PETR4,2020-03-09,2020-03-10,2020-03-16,18.64999961853028,13.083455152511597,1,-17.566544466018684
PETR4,2020-03-10,2020-03-11,2020-03-17,16.700000762939453,12.993500000000001,1,-15.706500762939452
PETR4,2020-03-11,2020-03-12,2020-03-18,13.65999984741211,11.2843549618721,1,-14.375644885540009
PETR4,2020-03-12,2020-03-13,2020-03-19,15.100000381469728,12.2038950381279,1,-14.896105343341828
PETR4,2020-03-13,2020-03-16,2020-03-20,12.90999984741211,11.994,1,-12.91599984741211
PETR4,2020-03-16,2020-03-17,2020-03-23,13.600000381469728,11.494250000000001,1,-14.105750381469727
PETR4,2020-03-17,2020-03-18,2020-03-24,11.789999961853027,13.243375,1,-10.546624961853027
PETR4,2020-03-18,2020-03-19,2020-03-25,11.06999969482422,14.312839694976809,1,-8.757159999847412
PETR4,2020-03-19,2020-03-20,2020-03-26,13.109999656677246,14.382805343151093,1,-10.727194313526153
PETR4,2020-03-20,2020-03-23,2020-03-27,12.109999656677246,13.293350190639497,1,-10.816649466037749
PETR4,2020-03-23,2020-03-24,2020-03-30,12.56999969482422,13.373310114383699,1,-11.196689580440522
PETR4,2020-03-24,2020-03-25,2020-03-31,13.239999771118164,13.983004771232606,1,-11.256994999885558
PETR4,2020-03-25,2020-03-26,2020-04-01,14.399999618530272,14.292850190639497,1,-12.107149427890775
PETR4,2020-03-26,2020-03-27,2020-04-02,13.300000190734863,15.502245228767396,1,-9.797754961967467
PETR4,2020-03-27,2020-03-30,2020-04-03,13.149999618530272,15.332330152511597,1,-9.817669466018675
PETR4,2020-03-30,2020-03-31,2020-04-06,13.600000381469728,15.76211545753479,1,-9.837884923934938
PETR4,2020-03-31,2020-04-01,2020-04-07,13.449999809265137,16.39179961872101,1,-9.058200190544127
PETR4,2020-04-01,2020-04-02,2020-04-08,15.399999618530272,17.31133969497681,1,-10.088659923553463
PETR4,2020-04-02,2020-04-03,2020-04-09,16.299999237060547,16.811589694976806,1,-11.48840954208374
PETR4,2020-04-03,2020-04-06,2020-04-13,16.049999237060547,16.921535305023195,1,-11.128463932037352
PETR4,2020-04-06,2020-04-07,2020-04-14,16.610000610351562,16.72163454246521,1,-11.888366067886352
PETR4,2020-04-07,2020-04-08,2020-04-15,16.5,16.37180916118622,1,-12.12819083881378
PETR4,2020-04-08,2020-04-09,2020-04-16,17.940000534057617,15.712140266895295,1,-14.227860267162322
PETR4,2020-04-09,2020-04-13,2020-04-17,16.81999969482422,16.121934161186218,1,-12.698065533638001
PETR4,2020-04-13,2020-04-14,2020-04-20,17.020000457763672,15.942024809360506,1,-13.077975648403166
PETR4,2020-04-14,2020-04-15,2020-04-22,16.040000915527344,16.741625000000003,1,-11.298375915527341
PETR4,2020-04-15,2020-04-16,2020-04-23,16.670000076293945,16.941525762557983,1,-11.728474313735962
PETR4,2020-04-16,2020-04-17,2020-04-24,15.75,15.942024809360506,1,-11.807975190639494
PETR4,2020-04-17,2020-04-20,2020-04-27,15.479999542236328,16.441775762557985,1,-11.038223779678344
PETR4,2020-04-20,2020-04-22,2020-04-28,15.850000381469728,17.241375,1,-10.608625381469727
PETR4,2020-04-22,2020-04-23,2020-04-29,17.200000762939453,18.190900762557984,1,-11.00910000038147
PETR4,2020-04-23,2020-04-24,2020-04-30,16.690000534057617,18.04097423744202,1,-10.649026296615599
PETR4,2020-04-24,2020-04-27,2020-05-04,16.139999389648438,17.37130916118622,1,-10.76869022846222
PETR4,2020-04-27,2020-04-28,2020-05-05,17.040000915527344,17.93103053379059,1,-11.108970381736754
PETR4,2020-04-28,2020-04-29,2020-05-06,17.799999237060547,17.271360686302184,1,-12.528638550758362
PETR4,2020-04-29,2020-04-30,2020-05-07,17.979999542236328,17.431280533790588,1,-12.54871900844574
PETR4,2020-04-30,2020-05-04,2020-05-08,17.43000030517578,18.47075954246521,1,-10.959240762710571
PETR4,2020-05-04,2020-05-05,2020-05-11,17.899999618530273,18.140924618721016,1,-11.759074999809258
PETR4,2020-05-05,2020-05-06,2020-05-12,17.8700008392334,18.130929389953618,1,-11.73907144927978
PETR4,2020-05-06,2020-05-07,2020-05-13,17.75,17.581205152511597,1,-12.168794847488403
PETR4,2020-05-07,2020-05-08,2020-05-14,17.739999771118164,17.39129961872101,1,-12.348700152397154
PETR4,2020-05-08,2020-05-11,2020-05-15,18.299999237060547,17.141424618721008,1,-13.15857461833954
PETR4,2020-05-11,2020-05-12,2020-05-18,18.530000686645508,18.53073091506958,1,-11.999269771575928
PETR4,2020-05-12,2020-05-13,2020-05-19,18.26000022888184,18.670660305023194,1,-11.589339923858645
PETR4,2020-05-13,2020-05-14,2020-05-20,17.399999618530273,19.29034923744202,1,-10.109650381088255
PETR4,2020-05-14,2020-05-15,2020-05-21,17.989999771118164,19.18040553379059,1,-10.809594237327573
PETR4,2020-05-15,2020-05-18,2020-05-22,18.100000381469727,18.6606650762558,1,-11.439335305213927
PETR4,2020-05-18,2020-05-19,2020-05-25,18.51000022888184,19.47025954246521,1,-11.039740686416629
PETR4,2020-05-19,2020-05-20,2020-05-26,19.09000015258789,19.6601650762558,1,-11.42983507633209
PETR4,2020-05-20,2020-05-21,2020-05-27,19.5,19.920035305023195,1,-11.579964694976805
PETR4,2020-05-21,2020-05-22,2020-05-28,18.799999237060547,19.76011545753479,1,-11.039883779525756
PETR4,2020-05-22,2020-05-25,2020-05-29,19.479999542236328,20.329830152511597,1,-11.15016938972473
PETR4,2020-05-25,2020-05-26,2020-06-01,19.979999542236328,20.3198349237442,1,-11.660164618492129
PETR4,2020-05-26,2020-05-27,2020-06-02,19.799999237060547,21.389299618721015,1,-10.410699618339532
PETR4,2020-05-27,2020-05-28,2020-06-03,19.690000534057617,21.459264313697812,1,-10.230736220359805
PETR4,2020-05-28,2020-05-29,2020-06-04,19.549999237060547,21.419285305023195,1,-10.130713932037352
PETR4,2020-05-29,2020-06-01,2020-06-05,20.14999961853028,22.088950381278995,1,-10.061049237251286
PETR4,2020-06-01,2020-06-02,2020-06-08,20.75,22.518735686302186,1,-10.231264313697814
PETR4,2020-06-02,2020-06-03,2020-06-09,21.86000061035156,21.70913931369781,1,-12.150861296653748
PETR4,2020-06-03,2020-06-04,2020-06-10,21.38999938964844,21.389299618721015,1,-12.000699770927426
PETR4,2020-06-04,2020-06-05,2020-06-12,22.290000915527344,20.58970038127899,1,-13.700300534248353
PETR4,2020-06-05,2020-06-08,2020-06-15,22.549999237060547,20.689650762557985,1,-13.860348474502562
PETR4,2020-06-08,2020-06-09,2020-06-16,22.030000686645508,21.35931583881378,1,-12.670684847831726
PETR4,2020-06-09,2020-06-10,2020-06-17,21.88999938964844,21.42928053379059,1,-12.460718855857852
PETR4,2020-06-10,2020-06-12,2020-06-18,20.6200008392334,21.589200381278992,1,-11.030800457954406
PETR4,2020-06-12,2020-06-15,2020-06-19,19.809999465942383,21.459264313697812,1,-10.350735152244571
PETR4,2020-06-15,2020-06-16,2020-06-22,21.559999465942383,20.939525762557984,1,-12.620473703384398
PETR4,2020-06-16,2020-06-17,2020-06-23,21.479999542236328,21.639174618721018,1,-11.84082492351531
PETR4,2020-06-17,2020-06-18,2020-06-24,21.18000030517578,20.9895,1,-12.190500305175782
PETR4,2020-06-18,2020-06-19,2020-06-25,22.0,21.459264313697812,1,-12.540735686302188
PETR4,2020-06-19,2020-06-22,2020-06-26,21.600000381469727,20.829580152511596,1,-12.77042022895813
PETR4,2020-06-22,2020-06-23,2020-06-29,21.21999931335449,21.649169847488405,1,-11.570829465866083
PETR4,2020-06-23,2020-06-24,2020-06-30,21.489999771118164,21.539224237442017,1,-11.950775533676147
PETR4,2020-06-24,2020-06-25,2020-07-01,20.90999984741211,21.69914408493042,1,-11.210855762481689
PETR4,2020-06-25,2020-06-26,2020-07-02,21.209999084472656,22.048969466209414,1,-11.161029618263242
PETR4,2020-06-26,2020-06-29,2020-07-03,21.100000381469727,21.969009542465212,1,-11.130990839004514
PETR4,2020-06-29,2020-06-30,2020-07-06,21.34000015258789,22.4987452287674,1,-10.84125492382049
PETR4,2020-06-30,2020-07-01,2020-07-07,21.75,22.21888454246521,1,-11.531115457534789
PETR4,2020-07-01,2020-07-02,2020-07-08,22.100000381469727,22.638674618721016,1,-11.46132576274871
PETR4,2020-07-02,2020-07-03,2020-07-09,21.950000762939453,22.12892938995362,1,-11.821071372985834
PETR4,2020-07-03,2020-07-06,2020-07-10,22.38999938964844,22.4987452287674,1,-11.89125416088104
PETR4,2020-07-06,2020-07-07,2020-07-13,22.34000015258789,22.148919847488404,1,-12.191080305099486
PETR4,2020-07-07,2020-07-08,2020-07-14,22.450000762939453,22.888549618721015,1,-11.561451144218438
PETR4,2020-07-08,2020-07-09,2020-07-15,22.780000686645508,23.328330152511597,1,-11.45167053413391
PETR4,2020-07-09,2020-07-10,2020-07-16,22.190000534057617,22.708639313697812,1,-11.481361220359805
PETR4,2020-07-10,2020-07-13,2020-07-17,22.61000061035156,22.728629771232605,1,-11.881370839118954
PETR4,2020-07-13,2020-07-14,2020-07-20,22.1299991607666,22.728629771232605,1,-11.401369389533997
PETR4,2020-07-14,2020-07-15,2020-07-21,23.200000762939453,23.358315838813784,1,-11.84168492412567
PETR4,2020-07-15,2020-07-16,2020-07-22,23.15999984741211,23.038474237442017,1,-12.121525609970092
PETR4,2020-07-16,2020-07-17,2020-07-23,22.82999992370605,22.558714694976807,1,-12.271285228729244
PETR4,2020-07-17,2020-07-20,2020-07-24,22.700000762939453,22.71863454246521,1,-11.981366220474243
PETR4,2020-07-20,2020-07-21,2020-07-27,23.14999961853028,23.188400762557986,1,-11.961598855972294
PETR4,2020-07-21,2020-07-22,2020-07-28,23.299999237060547,22.788599237442018,1,-12.51139999961853
PETR4,2020-07-22,2020-07-23,2020-07-29,23.15999984741211,23.1584150762558,1,-12.00158477115631
PETR4,2020-07-23,2020-07-24,2020-07-30,22.540000915527344,22.808589694976806,1,-11.731411220550537
PETR4,2020-07-24,2020-07-27,2020-07-31,22.8700008392334,22.188900762557985,1,-12.681100076675413
PETR4,2020-07-27,2020-07-28,2020-08-03,23.040000915527344,21.789099237442016,1,-13.250901678085327
PETR4,2020-07-28,2020-07-29,2020-08-04,23.030000686645508,21.769110686302188,1,-13.26089000034332
PETR4,2020-07-29,2020-07-30,2020-08-05,22.920000076293945,23.168410305023194,1,-11.751589771270751
PETR4,2020-07-30,2020-07-31,2020-08-06,22.920000076293945,23.20838931369781,1,-11.711610762596134
PETR4,2020-07-31,2020-08-03,2020-08-07,22.540000915527344,22.77860591506958,1,-11.761395000457764
PETR4,2020-08-03,2020-08-04,2020-08-10,21.459999084472656,23.438275762557986,1,-10.02172332191467
PETR4,2020-08-04,2020-08-05,2020-08-11,22.229999542236328,23.0684599237442,1,-11.161539618492128
PETR4,2020-08-05,2020-08-06,2020-08-12,23.280000686645508,23.468259542465212,1,-11.811741144180296
PETR4,2020-08-06,2020-08-07,2020-08-13,22.86000061035156,22.8285801525116,1,-12.03142045783996
PETR4,2020-08-07,2020-08-10,2020-08-14,22.89999961853028,22.6586650762558,1,-12.24133454227448
PETR4,2020-08-10,2020-08-11,2020-08-17,23.709999084472656,22.588700381278993,1,-13.121298703193663
PETR4,2020-08-11,2020-08-12,2020-08-18,23.36000061035156,23.00849045753479,1,-12.351510152816768
PETR4,2020-08-12,2020-08-13,2020-08-19,23.450000762939453,22.878554389953617,1,-12.571446372985836
PETR4,2020-08-13,2020-08-14,2020-08-20,22.770000457763672,22.71863454246521,1,-12.051365915298462
PETR4,2020-08-14,2020-08-17,2020-08-21,22.68000030517578,22.548719466209413,1,-12.131280838966369
PETR4,2020-08-17,2020-08-18,2020-08-24,22.93000030517578,22.958514313697812,1,-11.97148599147797
PETR4,2020-08-18,2020-08-19,2020-08-25,22.950000762939453,22.85856583881378,1,-12.091434924125672
PETR4,2020-08-19,2020-08-20,2020-08-26,22.520000457763672,22.208889313697814,1,-12.311111144065858
PETR4,2020-08-20,2020-08-21,2020-08-27,22.540000915527344,22.138924618721017,1,-12.401076296806327
PETR4,2020-08-21,2020-08-24,2020-08-28,22.86000061035156,22.52873091506958,1,-12.331269695281978
PETR4,2020-08-24,2020-08-25,2020-08-31,23.09000015258789,21.87905438995362,1,-13.210945762634271
PETR4,2020-08-25,2020-08-26,2020-09-01,22.780000686645508,22.85856583881378,1,-11.921434847831726
PETR4,2020-08-26,2020-08-27,2020-09-02,22.31999969482422,22.788599237442018,1,-11.531400457382201
PETR4,2020-08-27,2020-08-28,2020-09-03,22.25,22.86855916118622,1,-11.38144083881378
PETR4,2020-08-28,2020-08-31,2020-09-04,22.31999969482422,22.9085400762558,1,-11.411459618568419
PETR4,2020-08-31,2020-09-01,2020-09-08,22.200000762939453,22.248870228767398,1,-11.951130534172055
PETR4,2020-09-01,2020-09-02,2020-09-09,22.93000030517578,22.71863454246521,1,-12.211365762710571
PETR4,2020-09-02,2020-09-03,2020-09-10,22.61000061035156,22.108940838813783,1,-12.501059771537776
PETR4,2020-09-03,2020-09-04,2020-09-11,23.0,21.869059161186218,1,-13.130940838813782
PETR4,2020-09-04,2020-09-08,2020-09-14,22.5,21.669160305023194,1,-12.830839694976806
PETR4,2020-09-08,2020-09-09,2020-09-15,22.489999771118164,21.6591650762558,1,-12.830834694862364
PETR4,2020-09-09,2020-09-10,2020-09-16,22.57999992370605,21.719134542465213,1,-12.860865381240838
PETR4,2020-09-10,2020-09-11,2020-09-17,22.1200008392334,22.138924618721017,1,-11.981076220512382
PETR4,2020-09-11,2020-09-14,2020-09-18,21.940000534057617,21.639174618721018,1,-12.300825915336599
PETR4,2020-09-14,2020-09-15,2020-09-21,21.979999542236328,20.889549618721016,1,-13.090449923515312
PETR4,2020-09-15,2020-09-16,2020-09-22,21.850000381469727,20.78959923744202,1,-13.060401144027708
PETR4,2020-09-16,2020-09-17,2020-09-23,21.51000022888184,20.219884542465213,1,-13.290115686416627
PETR4,2020-09-17,2020-09-18,2020-09-24,21.989999771118164,20.389799618721018,1,-13.600200152397147
PETR4,2020-09-18,2020-09-21,2020-09-25,21.290000915527344,20.11993416118622,1,-13.170066754341125
PETR4,2020-09-21,2020-09-22,2020-09-28,20.959999084472656,19.62018416118622,1,-13.339814923286436
PETR4,2020-09-22,2020-09-23,2020-09-29,20.799999237060547,19.300344466209413,1,-13.499654770851134
PETR4,2020-09-23,2020-09-24,2020-09-30,20.239999771118164,19.600195610046384,1,-12.63980416107178
PETR4,2020-09-24,2020-09-25,2020-10-01,20.14999961853028,19.840075381278993,1,-12.309924237251288
PETR4,2020-09-25,2020-09-28,2020-10-02,20.32999992370605,19.01049045753479,1,-13.319509466171262
PETR4,2020-09-28,2020-09-29,2020-10-05,19.6299991607666,20.019985686302185,1,-11.610013474464417
PETR4,2020-09-29,2020-09-30,2020-10-06,19.5,19.920035305023195,1,-11.579964694976805
PETR4,2020-09-30,2020-10-01,2020-10-07,19.63999938964844,19.78010591506958,1,-11.859893474578861
PETR4,2020-10-01,2020-10-02,2020-10-08,19.729999542236328,20.429780533790588,1,-11.30021900844574
PETR4,2020-10-02,2020-10-05,2020-10-09,19.36000061035156,19.790099237442018,1,-11.569901372909541
PETR4,2020-10-05,2020-10-06,2020-10-13,20.46999931335449,20.11993416118622,1,-12.35006515216827
PETR4,2020-10-06,2020-10-07,2020-10-14,20.0,19.960014313697812,1,-12.039985686302188
PETR4,2020-10-07,2020-10-08,2020-10-15,20.040000915527344,19.740125000000003,1,-12.299875915527341
PETR4,2020-10-08,2020-10-09,2020-10-16,20.34000015258789,19.3203349237442,1,-13.019665228843692
PETR4,2020-10-09,2020-10-13,2020-10-19,19.90999984741211,19.510240457534792,1,-12.399759389877318
PETR4,2020-10-13,2020-10-14,2020-10-20,20.09000015258789,20.169910305023194,1,-11.920089847564697
PETR4,2020-10-14,2020-10-15,2020-10-21,19.6200008392334,20.149919847488405,1,-11.470080991744993
PETR4,2020-10-15,2020-10-16,2020-10-22,19.670000076293945,20.829580152511596,1,-10.840419923782349
PETR4,2020-10-16,2020-10-19,2020-10-23,19.40999984741211,20.559714694976808,1,-10.850285152435301
PETR4,2020-10-19,2020-10-20,2020-10-26,19.670000076293945,20.239875,1,-11.430125076293944
PETR4,2020-10-20,2020-10-21,2020-10-27,20.15999984741211,19.87005916118622,1,-12.28994068622589
PETR4,2020-10-21,2020-10-22,2020-10-28,20.100000381469727,18.6606650762558,1,-13.439335305213927
PETR4,2020-10-22,2020-10-23,2020-10-29,20.940000534057617,19.28035591506958,1,-13.659644618988036
PETR4,2020-10-23,2020-10-26,2020-10-30,20.32999992370605,18.930530533790588,1,-13.399469389915463
PETR4,2020-10-26,2020-10-27,2020-11-03,20.26000022888184,19.640174618721016,1,-12.619825610160824
PETR4,2020-10-27,2020-10-28,2020-11-04,19.350000381469727,19.710139313697812,1,-11.639861067771914
PETR4,2020-10-28,2020-10-29,2020-11-05,18.43000030517578,19.880054389953617,1,-10.549945915222164
PETR4,2020-11-05,2020-11-06,2020-11-12,19.549999237060547,21.899044847488405,1,-9.650954389572142
