entry_date,exit_date,entry_price,exit_price,qty,pnl
2018-01-02 00:00:00,2018-01-04 00:00:00,16.198095534324644,41.83090637397766,308.0,7888.905738613129
2018-01-05 00:00:00,2018-01-09 00:00:00,16.708350763320922,43.60179183197021,535.0,14381.990971727368
2018-01-10 00:00:00,2018-01-12 00:00:00,16.92846007633209,17.048520915985108,953.0,108.41798018932604
2018-01-12 00:00:00,2018-01-17 00:00:00,17.048520915985108,17.928960076332093,949.0,829.536763169288
2018-01-17 00:00:00,2018-01-19 00:00:00,17.928960076332093,43.22160076332092,925.0,23389.692635464668
2018-01-22 00:00:00,2018-01-25 00:00:00,18.26913022899628,41.80088877868653,1548.0,36421.162234920506
2018-01-25 00:00:00,2018-01-30 00:00:00,19.349670152664185,19.779885457992552,2403.0,1027.807378704063
2018-01-30 00:00:00,2018-02-01 00:00:00,19.779885457992552,41.62079847335814,2377.0,51909.850237524
2018-02-05 00:00:00,2018-02-08 00:00:00,19.659824618339545,41.71084362602233,3712.0,81847.38255651851
2018-02-08 00:00:00,2018-02-15 00:00:00,19.559774236679075,45.03250332069397,5824.0,148347.17418530275
2018-02-15 00:00:00,2018-02-20 00:00:00,19.50975,19.889939160346984,9643.0,3660.164073225955
2018-02-20 00:00:00,2018-02-22 00:00:00,19.889939160346984,45.25261454200744,9550.0,242207.5498948574
2018-02-23 00:00:00,2018-02-28 00:00:00,20.96047576332092,21.640814160346984,14843.0,10092.262827057799
2018-02-28 00:00:00,2018-03-02 00:00:00,21.640814160346984,20.71035076332092,14610.0,-13600.070230550831
2018-03-02 00:00:00,2018-03-07 00:00:00,20.71035076332092,42.53125332069397,14937.0,325932.8214994813
2018-03-07 00:00:00,2018-03-12 00:00:00,21.700845534324646,22.551270915985107,21769.0,18506.91013336659
2018-03-12 00:00:00,2018-03-14 00:00:00,22.551270915985107,22.311149236679075,21358.0,-5134.518826618209
2018-03-14 00:00:00,2018-03-19 00:00:00,22.311149236679075,21.280635457992553,21473.0,-22134.222369735653
2018-03-19 00:00:00,2018-03-21 00:00:00,21.280635457992553,21.260624999999997,21992.0,-446.06999217229895
2018-03-21 00:00:00,2018-03-26 00:00:00,21.260624999999997,42.021,22002.0,456763.7707500001
2018-03-26 00:00:00,2018-03-29 00:00:00,22.08103469467163,21.27063022899628,31533.0,-25560.484016140923
2018-04-02 00:00:00,2018-04-04 00:00:00,21.370680610656734,41.820899236679075,31983.0,654053.3423160724
2018-04-05 00:00:00,2018-04-09 00:00:00,21.160574618339545,43.09153469467163,47762.0,1047460.5151657731
2018-04-11 00:00:00,2018-04-16 00:00:00,21.36067538166046,21.060524236679075,71845.0,-21570.359011187684
2018-04-16 00:00:00,2018-04-18 00:00:00,21.060524236679075,47.0235,72357.0,1878597.0373066121
2018-04-19 00:00:00,2018-04-23 00:00:00,22.08103469467163,47.24361122131347,111572.0,2807432.9882304836
2018-04-24 00:00:00,2018-04-27 00:00:00,22.61130038166046,48.924451526641846,171067.0,4501305.826918531
2018-04-27 00:00:00,2018-05-03 00:00:00,22.851420152664183,48.83440637397766,267809.0,6958471.556943741
2018-05-03 00:00:00,2018-05-08 00:00:00,22.551270915985107,49.274625,425732.0,11376980.980895828
2018-05-08 00:00:00,2018-05-11 00:00:00,23.071529465675354,51.795885457992554,662814.0,19038899.292691734
2018-05-11 00:00:00,2018-05-16 00:00:00,25.8429149236679,55.357666831970214,960276.0,28342301.903496914
2018-05-16 00:00:00,2018-05-21 00:00:00,26.883435839653014,55.037503320693965,1450505.0,40837609.65158731
2018-05-21 00:00:00,2018-05-24 00:00:00,26.11305038166046,51.345659694671625,2275628.0,57420026.26574896
2018-05-28 00:00:00,2018-05-30 00:00:00,19.20960076332092,50.23510408401489,4588744.0,142368086.20981455
2018-06-01 00:00:00,2018-06-05 00:00:00,19.569779465675353,17.36868061065674,8143555.0,-17924775.58628109
2018-06-05 00:00:00,2018-06-08 00:00:00,17.36868061065674,15.817905419826507,8659305.0,-13428641.363832176
2018-06-08 00:00:00,2018-06-12 00:00:00,15.817905419826507,50.52525,9083569.0,315266553.30078197
2018-06-13 00:00:00,2018-06-15 00:00:00,15.42771007633209,51.425701526641845,19535960.0,703255315.0535934
2018-06-18 00:00:00,2018-06-20 00:00:00,14.777385457992553,49.074524236679075,44202582.0,1516022083.2302709
2018-06-21 00:00:00,2018-06-25 00:00:00,16.098045152664184,47.72385076332092,87686959.0,2773170713.923627
2018-06-26 00:00:00,2018-06-28 00:00:00,15.907949618339536,16.72835931301117,175941422.0,144344042.30311298
2018-06-28 00:00:00,2018-07-03 00:00:00,16.72835931301117,49.32464923667907,171629227.0,5594476036.667011
2018-07-03 00:00:00,2018-07-06 00:00:00,17.748869771003722,17.978984313011168,319440736.0,73507952.66316128
2018-07-06 00:00:00,2018-07-11 00:00:00,17.978984313011168,17.49874477100372,317397483.0,-152426827.8702364
2018-07-11 00:00:00,2018-07-16 00:00:00,17.49874477100372,17.95897576332092,321750669.0,148079623.67259312
2018-07-16 00:00:00,2018-07-18 00:00:00,17.95897576332092,18.259124999999997,317630011.0,95336399.34801674
2018-07-18 00:00:00,2018-07-23 00:00:00,18.259124999999997,49.10454183197021,315020665.0,9716943716.609451
2018-07-23 00:00:00,2018-07-26 00:00:00,19.309649236679075,19.959975763320923,549616550.0,357430215.9463749
2018-07-26 00:00:00,2018-07-30 00:00:00,19.959975763320923,19.959975763320923,540667353.0,-6.0
2018-07-30 00:00:00,2018-08-02 00:00:00,19.959975763320923,19.99999477100372,540667352.0,21636964.913526535
2018-08-02 00:00:00,2018-08-06 00:00:00,19.99999477100372,21.160574618339545,540126698.0,626860154.7068424
2018-08-06 00:00:00,2018-08-09 00:00:00,21.160574618339545,20.27013022899628,525322120.0,-467770140.35190964
2018-08-09 00:00:00,2018-08-13 00:00:00,20.27013022899628,19.50975,536854761.0,-408213752.10692215
2018-08-14 00:00:00,2018-08-16 00:00:00,20.29014068698883,50.925451526641844,526260864.0,16122165145.38436
2018-08-17 00:00:00,2018-08-22 00:00:00,18.759375,51.67582652664184,999128174.0,32887754102.373177
2018-08-22 00:00:00,2018-08-27 00:00:00,17.70885076332092,54.197083168029785,1987431005.0,72517844392.7641
2018-08-28 00:00:00,2018-08-30 00:00:00,18.76938022899628,19.159574618339544,3807913200.0,1485826359.74617
2018-08-30 00:00:00,2018-09-04 00:00:00,19.159574618339544,19.139564160346985,3769157552.0,-75422574.8616333
2018-09-04 00:00:00,2018-09-06 00:00:00,19.139564160346985,18.99949477100372,3771126898.0,-528219447.7388153
2018-09-10 00:00:00,2018-09-12 00:00:00,19.369680610656733,53.0265,3712682975.0,124957100333.46465
2018-09-13 00:00:00,2018-09-17 00:00:00,19.03951568698883,55.32764923667907,7060225432.0,256202403361.3355
2018-09-18 00:00:00,2018-09-20 00:00:00,19.50975,59.23960408401489,13459348539.0,534737953514.369
2018-09-21 00:00:00,2018-09-26 00:00:00,20.160074618339543,62.23110076332092,26294108352.0,1106220119929.965
2018-09-26 00:00:00,2018-10-01 00:00:00,20.25011977100372,59.70984030532836,53504760152.0,2111282882847.9893
2018-10-01 00:00:00,2018-10-04 00:00:00,21.260624999999997,23.46172576332092,100638954101.0,221516478685.53076
2018-10-04 00:00:00,2018-10-08 00:00:00,23.46172576332092,57.028499999999994,95920509203.0,3219742077078.3984
2018-10-09 00:00:00,2018-10-11 00:00:00,26.493239542007444,56.46821862602233,145740450122.0,4368566944095.864
2018-10-15 00:00:00,2018-10-17 00:00:00,25.912949618339546,58.36917015266418,233339405929.0,7573315218173.922
2018-10-18 00:00:00,2018-10-23 00:00:00,26.303145915985105,57.338656373977656,373912049879.0,11604551334383.137
2018-10-23 00:00:00,2018-10-26 00:00:00,26.163074618339543,26.663324618339544,597798242022.0,299048570565.50586
2018-10-26 00:00:00,2018-10-30 00:00:00,26.663324618339544,26.71335076332092,592193182440.0,29625141995.726562
2018-10-30 00:00:00,2018-11-05 00:00:00,26.71335076332092,27.513749999999998,591638959016.0,473547371180.00977
2018-11-05 00:00:00,2018-11-07 00:00:00,27.513749999999998,27.623805610656735,583037612462.0,64166560469.35156
2018-11-07 00:00:00,2018-11-12 00:00:00,27.623805610656735,25.552770915985107,581876757254.0,-1205086952302.0547
2018-11-12 00:00:00,2018-11-14 00:00:00,25.552770915985107,24.252119771003724,605445324686.0,-787473154782.4707
2018-11-14 00:00:00,2018-11-21 00:00:00,24.252119771003724,54.17707652664184,621672347841.0,18603518125311.94
2018-11-21 00:00:00,2018-11-26 00:00:00,25.11255038166046,24.812399236679077,970960010424.0,-291434758865.89844
2018-11-26 00:00:00,2018-11-28 00:00:00,24.812399236679077,50.52525,976829838623.0,25117079861666.062
2018-11-29 00:00:00,2018-12-03 00:00:00,24.972479084014893,26.313149236679077,1473714764930.0,1975765398876.164
2018-12-03 00:00:00,2018-12-06 00:00:00,26.313149236679077,25.00249477100372,1436190227323.0,-1882349135006.1953
2018-12-06 00:00:00,2018-12-10 00:00:00,25.00249477100372,24.782385457992554,1473814631960.0,-324400326152.52344
2018-12-10 00:00:00,2018-12-13 00:00:00,24.782385457992554,50.87542347335815,1480356337288.0,38626994185137.16
2018-12-13 00:00:00,2018-12-18 00:00:00,23.301645915985105,22.79139068698883,2403689224740.0,-1226494995811.586
2018-12-18 00:00:00,2018-12-20 00:00:00,22.79139068698883,22.321154465675352,2430582751448.0,-1142948048636.625
2018-12-20 00:00:00,2018-12-27 00:00:00,22.321154465675352,21.530760457992553,2456172300957.0,-1941343868518.8828
2018-12-27 00:00:00,2019-01-02 00:00:00,21.530760457992553,50.03500332069397,2501232790120.0,71295746905726.75
2019-01-03 00:00:00,2019-01-07 00:00:00,23.97197908401489,52.89643393135071,3734324192825.0,108013291500674.47
2019-01-08 00:00:00,2019-01-10 00:00:00,25.412699618339545,53.25661454200744,5648860320725.0,157286386185944.28
2019-01-11 00:00:00,2019-01-16 00:00:00,25.162574618339544,24.812399236679077,8831977990205.0,-3092741263542.875
2019-01-16 00:00:00,2019-01-18 00:00:00,24.812399236679077,54.97747576332092,8894269324134.0,268296314811059.1
2019-01-21 00:00:00,2019-01-24 00:00:00,25.322654465675352,25.412699618339545,14015252364410.0,1262005538774.5
2019-01-24 00:00:00,2019-01-29 00:00:00,25.412699618339545,25.262625,13990434565534.0,-2099609127832.875
2019-01-29 00:00:00,2019-02-01 00:00:00,25.262625,45.742861221313476,14031969428266.0,287378048541130.6
2019-02-01 00:00:00,2019-02-06 00:00:00,25.512749999999997,25.812899236679076,19529264797423.0,5861693921844.125
2019-02-06 00:00:00,2019-02-08 00:00:00,25.812899236679076,40.66031938934326,19415779616600.0,288274237559187.3
2019-02-11 00:00:00,2019-02-14 00:00:00,25.182585076332092,26.18308507633209,25628296230414.0,25641110378523.125
2019-02-14 00:00:00,2019-02-18 00:00:00,26.18308507633209,26.603295152664185,25138890765996.0,10563615207677.375
2019-02-18 00:00:00,2019-02-21 00:00:00,26.603295152664185,27.193590305328367,24940450434836.0,14722226996939.0
2019-02-21 00:00:00,2019-02-25 00:00:00,27.193590305328367,27.013499999999997,24669892819636.0,-4442808530312.375
2019-02-25 00:00:00,2019-02-28 00:00:00,27.013499999999997,27.733859313011163,24752084818563.0,17830394815488.125
2019-02-28 00:00:00,2019-03-06 00:00:00,27.733859313011163,26.563274236679074,24430790197844.0,-28598318408602.375
2019-03-06 00:00:00,2019-03-11 00:00:00,26.563274236679074,48.924451526641846,24968826642348.0,558332359271883.5
2019-03-11 00:00:00,2019-03-14 00:00:00,27.033510457992552,28.164074618339544,34866339451519.0,39418633786373.875
2019-03-14 00:00:00,2019-03-18 00:00:00,28.164074618339544,28.36417538166046,34166885892270.0,6836819947335.75
2019-03-18 00:00:00,2019-03-21 00:00:00,28.36417538166046,50.55526377868653,34046427577416.0,755527283973378.6
2019-03-21 00:00:00,2019-03-26 00:00:00,28.854420152664183,27.75386977100372,46566569684071.0,-51248856038428.75
2019-03-26 00:00:00,2019-03-28 00:00:00,27.75386977100372,50.53525332069397,47489382106862.0,1081873828314214.2
2019-03-29 00:00:00,2019-04-03 00:00:00,28.464225763320922,52.806388778686525,65317831743355.0,1589977308106963.5
2019-04-03 00:00:00,2019-04-08 00:00:00,28.54426568698883,29.07452946567535,92999682899673.0,49314363271022.5
2019-04-08 00:00:00,2019-04-10 00:00:00,29.07452946567535,29.564774236679074,92152038810581.0,45177055164213.5
2019-04-10 00:00:00,2019-04-15 00:00:00,29.564774236679074,51.615795152664184,91388385648964.0,2015207203423412.5
2019-04-15 00:00:00,2019-04-18 00:00:00,26.36317538166046,27.373680610656734,140726006612223.0,142204365537409.5
2019-04-18 00:00:00,2019-04-23 00:00:00,27.373680610656734,51.615795152664184,138129840145312.0,3348559406471826.5
2019-04-24 00:00:00,2019-04-26 00:00:00,27.733859313011163,27.69384030532837,196735654726084.0,-7873165677968.0
2019-04-26 00:00:00,2019-05-02 00:00:00,27.69384030532837,26.813399236679075,196877730166116.0,-173339239140708.0
2019-05-02 00:00:00,2019-05-06 00:00:00,26.813399236679075,26.403194389343263,200108438961966.0,-82085451655007.0
2019-05-06 00:00:00,2019-05-09 00:00:00,26.403194389343263,49.024499999999996,201662122348137.0,4561860499730851.0
2019-05-09 00:00:00,2019-05-14 00:00:00,27.11355038166046,48.204090305328364,280545882971521.0,5916864145231522.0
2019-05-14 00:00:00,2019-05-17 00:00:00,26.18308507633209,46.42320152664184,403562307121680.0,8168148091098464.0
2019-05-17 00:00:00,2019-05-22 00:00:00,25.062524236679074,47.80388877868653,584642718553292.0,1.3295573189450672e+16
2019-05-22 00:00:00,2019-05-27 00:00:00,26.353170152664184,26.313149236679077,808393550686683.0,-32352650374940.0
2019-05-27 00:00:00,2019-05-29 00:00:00,26.313149236679077,26.503244771003722,809008005341253.0,153788809048256.0
2019-05-29 00:00:00,2019-06-03 00:00:00,26.503244771003722,25.892939160346984,806108135608851.0,-491972317958128.0
2019-06-03 00:00:00,2019-06-05 00:00:00,25.892939160346984,49.30463877868653,815603510559412.0,1.9094664396880176e+16
2019-06-06 00:00:00,2019-06-10 00:00:00,26.18308507633209,48.97447576332092,1171385184480946.0,2.6697497384455708e+16
2019-06-11 00:00:00,2019-06-14 00:00:00,26.903444389343264,27.213600763320922,1636441058321613.0,507552624877184.0
2019-06-14 00:00:00,2019-06-18 00:00:00,27.213600763320922,51.025499999999994,1627120372445150.0,3.8744826354611624e+16
2019-06-19 00:00:00,2019-06-25 00:00:00,27.36367538166046,52.21609362602233,2326511431872561.0,5.781943515518609e+16
2019-06-25 00:00:00,2019-06-28 00:00:00,28.154069389343263,27.463725763320923,3288550395663579.0,-2270229804499584.0
2019-06-28 00:00:00,2019-07-02 00:00:00,27.463725763320923,54.127048473358144,3329861154246595.0,8.8785162535294e+16
2019-07-03 00:00:00,2019-07-08 00:00:00,27.053520915985107,50.67532652664184,5022088309701897.0,1.1863079381132987e+17
2019-07-08 00:00:00,2019-07-12 00:00:00,27.513749999999998,28.554270915985107,7095006159922305.0,7382502308442336.0
2019-07-12 00:00:00,2019-07-16 00:00:00,28.554270915985107,28.29414068698883,6965799375427636.0,-1812014986672128.0
2019-07-16 00:00:00,2019-07-19 00:00:00,28.29414068698883,52.83640637397766,6997804393696518.0,1.7174197465567773e+17
2019-07-19 00:00:00,2019-07-24 00:00:00,27.513749999999998,27.603795152664183,1.0318869104966812e+16,929164143878464.0
2019-07-24 00:00:00,2019-07-26 00:00:00,27.603795152664183,26.813399236679075,1.0302047150654546e+16,-8142695994163360.0
2019-07-26 00:00:00,2019-07-31 00:00:00,26.813399236679075,50.40519106864929,1.0453811284965296e+16,2.4662413968560234e+17
2019-07-31 00:00:00,2019-08-05 00:00:00,26.403194389343263,25.812899236679076,1.5288905404920546e+16,-9024966750065856.0
2019-08-05 00:00:00,2019-08-07 00:00:00,25.812899236679076,25.452720534324644,1.5463633051435226e+16,-5569671286151040.0
2019-08-07 00:00:00,2019-08-12 00:00:00,25.452720534324644,25.93296007633209,1.5572990446905008e+16,7478765799908032.0
2019-08-12 00:00:00,2019-08-14 00:00:00,25.93296007633209,46.00298954200744,1.542886832596305e+16,3.096578419241035e+17
2019-08-15 00:00:00,2019-08-19 00:00:00,25.00249477100372,44.312145915985106,2.21986872440584e+16,4.28648906559316e+17
2019-08-20 00:00:00,2019-08-22 00:00:00,23.921954847335815,44.40219106864929,3.216518809434627e+16,6.587506502751913e+17
2019-08-23 00:00:00,2019-08-27 00:00:00,24.792390686988828,43.17157652664184,4.432788285423144e+16,8.147103968562881e+17
2019-08-28 00:00:00,2019-08-30 00:00:00,24.212100763320922,46.01299667930603,6.222314539343175e+16,1.3565203162874135e+18
2019-09-02 00:00:00,2019-09-04 00:00:00,25.402694389343264,46.073024236679075,8.602049533832181e+16,1.7780720122743245e+18
2019-09-05 00:00:00,2019-09-09 00:00:00,26.61330038166046,46.72335076332092,1.1552993557155026e+17,2.323312824933863e+18
2019-09-10 00:00:00,2019-09-13 00:00:00,27.063524236679076,27.133560839653015,1.5655278603259293e+17,1.0964425319828992e+16
2019-09-13 00:00:00,2019-09-17 00:00:00,27.133560839653015,27.673829847335814,1.563508415997938e+17,8.447151404149094e+16
2019-09-17 00:00:00,2019-09-20 00:00:00,27.673829847335814,27.36367538166046,1.548254062200464e+17,-4.801979113914778e+16
2019-09-20 00:00:00,2019-09-24 00:00:00,27.36367538166046,27.43371007633209,1.5570240429457677e+17,1.09045703444096e+16
2019-09-24 00:00:00,2019-09-27 00:00:00,27.43371007633209,48.17407652664184,1.555037596703369e+17,3.2252049599636854e+18
2019-09-27 00:00:00,2019-10-02 00:00:00,27.563774236679077,27.233609313011165,2.133036567965245e+17,-7.042538556431155e+16
2019-10-02 00:00:00,2019-10-04 00:00:00,27.233609313011165,26.86342538166046,2.1459599693518358e+17,-7.943998979759002e+16
2019-10-04 00:00:00,2019-10-09 00:00:00,26.86342538166046,45.692833168029786,2.1607384774301277e+17,4.068542591123066e+18
2019-10-09 00:00:00,2019-10-14 00:00:00,26.36317538166046,48.22410076332092,2.973758662788298e+17,6.500911623028138e+18
2019-10-14 00:00:00,2019-10-17 00:00:00,27.053520915985107,47.01349667930603,4.0999665776767654e+17,8.183523352085408e+18
2019-10-17 00:00:00,2019-10-22 00:00:00,27.94396530532837,47.303638778686526,5.434325639671096e+17,1.0520676993193062e+19
2019-10-22 00:00:00,2019-10-25 00:00:00,27.813899236679077,47.773875,7.351946307535736e+17,1.4674467011165004e+19
2019-10-25 00:00:00,2019-10-30 00:00:00,29.21460076332092,29.78488545799255,9.512206491061335e+17,5.424665774408458e+17
2019-10-30 00:00:00,2019-11-01 00:00:00,29.78488545799255,30.605295152664183,9.421187953334068e+17,7.729233932238848e+17
2019-11-01 00:00:00,2019-11-06 00:00:00,30.605295152664183,49.92495152664184,9.294978268429262e+17,1.7957578614964326e+19
2019-11-06 00:00:00,2019-11-11 00:00:00,30.065024236679076,48.46421862602233,1.2449959707918113e+18,2.290692288054766e+19
2019-11-11 00:00:00,2019-11-14 00:00:00,29.86492538166046,47.373673473358146,1.6370381503594883e+18,2.8662488591143002e+19
2019-11-14 00:00:00,2019-11-21 00:00:00,29.894939160346983,47.783878320693965,2.1150212678473633e+18,3.783548678336143e+19
2019-11-21 00:00:00,2019-11-26 00:00:00,28.944465305328368,29.634810839653014,2.8383883938387845e+18,1.9594687523655188e+18
2019-11-26 00:00:00,2019-11-28 00:00:00,29.634810839653014,29.33465969467163,2.805344669878705e+18,-8.42027414731522e+17
2019-11-28 00:00:00,2019-12-03 00:00:00,29.33465969467163,29.18458507633209,2.8196895849004575e+18,-4.231638382899036e+17
2019-12-03 00:00:00,2019-12-05 00:00:00,29.18458507633209,29.654819389343263,2.826935743365012e+18,1.3293221872079667e+18
2019-12-05 00:00:00,2019-12-10 00:00:00,29.654819389343263,51.245611221313474,2.8045336928134605e+18,6.055210314728212e+19
2019-12-10 00:00:00,2019-12-13 00:00:00,30.11505038166046,30.905444389343263,3.767522494341686e+18,2.977827203337847e+18
2019-12-13 00:00:00,2019-12-17 00:00:00,30.905444389343263,53.276624999999996,3.7193701647352806e+18,8.320670171318107e+19
2019-12-18 00:00:00,2019-12-23 00:00:00,29.764875,54.927451526641846,5.26032581429042e+18,1.3236335085715227e+20
2019-12-23 00:00:00,2019-12-30 00:00:00,30.205095534324645,53.67682652664184,7.375831880245011e+18,1.7312354173766805e+20
2019-12-30 00:00:00,2020-01-06 00:00:00,30.565274236679077,53.826899236679075,1.0122361603774114e+19,2.3546257974139198e+20
2020-01-06 00:00:00,2020-01-09 00:00:00,30.445215305328368,53.776875,1.4031200291201565e+19,3.2737119030209236e+20
2020-01-09 00:00:00,2020-01-14 00:00:00,30.485234313011166,30.245114542007446,1.938480596011757e+19,-4.654675168094913e+18
2020-01-14 00:00:00,2020-01-16 00:00:00,30.245114542007446,29.61480038166046,1.9461716692660003e+19,-1.2266995616044941e+19
2020-01-16 00:00:00,2020-01-21 00:00:00,29.61480038166046,56.828399236679076,1.966872234456758e+19,5.352567198758033e+20
2020-01-21 00:00:00,2020-01-24 00:00:00,29.814899236679075,55.6478089313507,2.8517535926083133e+19,7.366909302930595e+20
2020-01-24 00:00:00,2020-01-29 00:00:00,29.574779465675352,51.72585076332092,4.1210014749498515e+19,9.128459748931671e+20
2020-01-29 00:00:00,2020-02-03 00:00:00,29.014499999999998,50.52525,5.774451729080129e+19,1.242127875313104e+21
2020-02-03 00:00:00,2020-02-06 00:00:00,28.534260457992552,53.686829847335815,8.049280863405e+19,2.024600954511071e+21
2020-02-06 00:00:00,2020-02-11 00:00:00,28.714350763320923,51.17557652664184,1.1525976754038679e+20,2.5888756601525156e+21
2020-02-11 00:00:00,2020-02-14 00:00:00,29.414699618339544,52.23610408401489,1.5654399000470664e+20,3.5725537125680483e+21
2020-02-14 00:00:00,2020-02-19 00:00:00,29.874930610656733,52.956465305328365,2.1395411828929597e+20,4.938389404362264e+21
2020-02-19 00:00:00,2020-02-26 00:00:00,29.884935839653014,27.053520915985107,2.96547189689134e+20,-8.396481384575916e+20
2020-02-26 00:00:00,2020-02-28 00:00:00,27.053520915985107,25.172579847335815,3.120577089482462e+20,-5.8696216054936476e+20
2020-02-28 00:00:00,2020-03-04 00:00:00,25.172579847335815,48.024,3.237106400944986e+20,7.397247844687248e+21
2020-03-04 00:00:00,2020-03-09 00:00:00,26.923454847335815,40.47022576332092,4.4010344276779414e+20,5.961980518511667e+21
2020-03-09 00:00:00,2020-03-12 00:00:00,17.818904465675352,13.666829847335814,8.323511668448174e+20,-3.4559841534016655e+21
2020-03-12 00:00:00,2020-03-16 00:00:00,13.666829847335814,36.02800332069397,9.587248833507826e+20,2.143821342983191e+22
2020-03-17 00:00:00,2020-03-19 00:00:00,13.606800381660463,11.075534694671632,1.751124103470368e+21,-4.4325603567736224e+21
2020-03-19 00:00:00,2020-03-24 00:00:00,11.075534694671632,12.576284694671632,1.9511299812329398e+21,2.9281583193353355e+21
2020-03-24 00:00:00,2020-03-26 00:00:00,12.576284694671632,41.03050332069397,1.8347723163410317e+21,5.220701261814113e+22
2020-03-27 00:00:00,2020-04-01 00:00:00,13.30665019083023,13.456724809169769,3.6967363203347943e+21,5.5478629237615965e+20
2020-04-01 00:00:00,2020-04-03 00:00:00,13.456724809169769,16.308149236679075,3.676132908022606e+21,1.0482215172706478e+22
2020-04-03 00:00:00,2020-04-08 00:00:00,16.308149236679075,43.52175,3.354913929919434e+21,9.129928828413151e+22
2020-04-08 00:00:00,2020-04-14 00:00:00,16.50825,17.028510457992553,6.080893250918565e+21,3.163648307726706e+21
2020-04-14 00:00:00,2020-04-16 00:00:00,17.028510457992553,16.67833507633209,5.988047006633919e+21,-2.0968666459488335e+21
2020-04-16 00:00:00,2020-04-22 00:00:00,16.67833507633209,42.621298473358145,6.050877565050987e+21,1.569776951900039e+23
2020-04-22 00:00:00,2020-04-27 00:00:00,15.857925381660463,16.14806938934326,1.1315897334345423e+22,3.283239803114043e+21
2020-04-27 00:00:00,2020-04-29 00:00:00,16.14806938934326,17.808899236679075,1.121428772071018e+22,1.8625023763166997e+22
2020-04-29 00:00:00,2020-05-05 00:00:00,17.808899236679075,44.47222576332092,1.0691635786868456e+22,2.85074576089203e+23
2020-05-05 00:00:00,2020-05-08 00:00:00,17.908949618339538,47.52375,1.8594882904311405e+22,5.50683745331533e+23
2020-05-08 00:00:00,2020-05-13 00:00:00,17.748869771003722,48.194083168029785,3.4283555659889456e+22,1.0437701680741552e+24
2020-05-13 00:00:00,2020-05-18 00:00:00,18.26913022899628,18.10905038166046,6.1888025160547e+22,-9.9070256196157e+21
2020-05-18 00:00:00,2020-05-20 00:00:00,18.10905038166046,19.099545152664184,6.216142635768637e+22,6.157056776542148e+22
2020-05-20 00:00:00,2020-05-25 00:00:00,19.099545152664184,51.43570484733581,6.05503989224871e+22,1.9579673691336157e+24
2020-05-25 00:00:00,2020-05-28 00:00:00,19.489739542007445,19.699845534324645,1.0959398662240708e+23,2.3026353311298856e+22
2020-05-28 00:00:00,2020-06-01 00:00:00,19.699845534324645,20.160074618339543,1.0900984904390317e+23,5.016950297407802e+22
2020-06-01 00:00:00,2020-06-04 00:00:00,20.160074618339543,53.74686122131347,1.0776619248082243e+23,3.619520109868397e+24
2020-06-04 00:00:00,2020-06-09 00:00:00,21.400694389343265,54.18707984733581,1.8612664356783162e+23,6.102419880017316e+24
2020-06-09 00:00:00,2020-06-15 00:00:00,22.04101568698883,52.52625,3.192219025478712e+23,9.731554497017073e+24
2020-06-15 00:00:00,2020-06-18 00:00:00,19.819904465675354,21.190590305328367,6.006176830688983e+23,8.232581532277411e+23
2020-06-18 00:00:00,2020-06-22 00:00:00,21.190590305328367,21.61080038166046,5.812023078411439e+23,2.4422706614231546e+23
2020-06-22 00:00:00,2020-06-25 00:00:00,21.61080038166046,55.52775,5.755545542110563e+23,1.9521054817782267e+25
2020-06-25 00:00:00,2020-06-30 00:00:00,20.920454847335815,55.467718626022325,1.0613345844740982e+24,3.666620584726931e+25
2020-06-30 00:00:00,2020-07-03 00:00:00,21.350670152664183,55.22760076332092,1.8990444532928802e+24,6.433379717075547e+25
2020-07-03 00:00:00,2020-07-08 00:00:00,21.96097576332092,56.928451526641844,3.3117314342491305e+24,1.158028886617345e+26
2020-07-08 00:00:00,2020-07-13 00:00:00,22.461225763320922,57.758864542007444,5.817102334128702e+24,2.0532997692872915e+26
2020-07-13 00:00:00,2020-07-16 00:00:00,22.621305610656734,23.171579847335813,1.0316626891060658e+25,5.676973987581279e+24
2020-07-16 00:00:00,2020-07-20 00:00:00,23.171579847335813,61.1505589313507,1.0194189501422768e+25,3.871649098530195e+26
2020-07-21 00:00:00,2020-07-24 00:00:00,23.161574618339543,22.551270915985107,1.856068636303633e+25,-1.1327655605600565e+25
2020-07-24 00:00:00,2020-07-28 00:00:00,22.551270915985107,60.73035076332092,1.8811714161424677e+25,7.182139370342906e+26
2020-07-29 00:00:00,2020-07-31 00:00:00,23.04151568698883,22.93146007633209,3.4004472409434566e+25,-3.74238297608059e+24
2020-07-31 00:00:00,2020-08-05 00:00:00,22.93146007633209,22.241114542007445,3.4086030927124702e+25,-2.3531139233392293e+25
2020-08-05 00:00:00,2020-08-07 00:00:00,22.241114542007445,61.42069438934326,3.4614767326987977e+25,1.3561920403846766e+27
2020-08-10 00:00:00,2020-08-12 00:00:00,22.911449618339546,60.91044106864929,6.321320114147685e+25,2.4020378897216894e+27
2020-08-13 00:00:00,2020-08-17 00:00:00,23.46172576332092,61.810888778686525,1.1294674374052092e+26,4.331413087759961e+27
2020-08-18 00:00:00,2020-08-20 00:00:00,22.941465305328368,22.531260457992552,2.099567251065423e+26,-8.612526636945722e+25
2020-08-20 00:00:00,2020-08-25 00:00:00,22.531260457992552,23.101545152664183,2.1186700890750332e+26,1.2082451248580757e+26
2020-08-25 00:00:00,2020-08-27 00:00:00,23.101545152664183,61.72084362602233,2.0925324217823248e+26,8.081213416199057e+27
2020-08-28 00:00:00,2020-09-01 00:00:00,22.261125,22.21110076332092,3.987534427831203e+26,-1.994733659838018e+25
2020-09-01 00:00:00,2020-09-04 00:00:00,22.21110076332092,23.011499999999998,3.992022580656795e+26,3.195211826363341e+26
2020-09-04 00:00:00,2020-09-09 00:00:00,23.011499999999998,59.929951526641844,3.922630880410175e+26,1.448174580153315e+28
2020-09-10 00:00:00,2020-09-14 00:00:00,22.591289923667905,62.831399236679076,7.20235783023012e+26,2.8982366639988195e+28
2020-09-15 00:00:00,2020-09-18 00:00:00,21.990989542007444,22.00099477100372,1.3991859820837394e+27,1.399917615913151e+25
2020-09-18 00:00:00,2020-09-22 00:00:00,22.00099477100372,58.16906938934326,1.398867992449255e+27,5.059436193211147e+28
2020-09-23 00:00:00,2020-09-25 00:00:00,20.810399236679075,58.379173473358144,2.695110089232942e+27,1.0125198248538837e+29
2020-09-28 00:00:00,2020-09-30 00:00:00,20.340164923667903,19.50975,5.247628108356903e+27,-4.3577086950387366e+27
2020-09-30 00:00:00,2020-10-05 00:00:00,19.50975,19.369680610656733,5.359252548462267e+27,-7.506672317994606e+26
2020-10-05 00:00:00,2020-10-07 00:00:00,19.369680610656733,20.009999999999998,5.378620237410393e+27,3.4440348259279415e+27
2020-10-07 00:00:00,2020-10-13 00:00:00,20.009999999999998,61.30063545799255,5.292605424603922e+27,2.1853504121031443e+29
2020-10-13 00:00:00,2020-10-16 00:00:00,19.919954847335813,62.73135076332092,1.080460224740769e+28,4.625601045285131e+29
2020-10-16 00:00:00,2020-10-21 00:00:00,19.67983507633209,61.680826526641845,2.269444227910746e+28,9.531890761343406e+29
2020-10-21 00:00:00,2020-10-26 00:00:00,20.170079847335813,62.931451526641844,4.578344377056853e+28,1.9577628558318895e+30
2020-10-26 00:00:00,2020-10-29 00:00:00,20.340164923667903,61.00048622131347,9.355020435228341e+28,3.803781366424245e+30
2020-10-29 00:00:00,2020-11-04 00:00:00,18.439215305328368,63.31163877868653,2.0638992227734804e+29,9.261215993062638e+30
2020-11-04 00:00:00,2020-11-09 00:00:00,20.02000522899628,64.18207652664184,4.2150795755185066e+29,1.8614664473929783e+31
2020-11-09 00:00:00,2020-11-12 00:00:00,21.120555610656734,63.60178469467163,8.40440836148203e+29,3.570295969197284e+31
2020-11-12 00:00:00,2020-11-17 00:00:00,22.751369771003723,64.83240305328368,1.5652236925369675e+30,6.586623029986128e+31
2020-11-17 00:00:00,2020-11-23 00:00:00,23.061524236679077,68.84440255737304,2.9729415977503013e+30,1.3610982342433155e+32
2020-11-23 00:00:00,2020-11-26 00:00:00,24.062024236679076,75.45770816802978,5.679052707064829e+30,2.9187879796178558e+32
2020-11-26 00:00:00,2020-12-01 00:00:00,25.952970534324646,25.412699618339545,1.0891310965167347e+31,-5.884258551429516e+30
2020-12-01 00:00:00,2020-12-03 00:00:00,25.412699618339545,26.163074618339543,1.100702705417958e+31,8.259397925779986e+30
2020-12-03 00:00:00,2020-12-08 00:00:00,26.163074618339543,83.01148622131348,1.0849261417929965e+31,6.167632786747473e+32
2020-12-08 00:00:00,2020-12-11 00:00:00,26.823404465675353,27.50374477100372,2.20846636729601e+31,1.5025086826336047e+31
2020-12-11 00:00:00,2020-12-15 00:00:00,27.50374477100372,27.633810839653012,2.181165404449025e+31,2.8369560923052685e+30
2020-12-15 00:00:00,2020-12-18 00:00:00,27.633810839653012,87.66381274795532,2.176034846035072e+31,1.306273759600177e+33
2020-12-18 00:00:00,2020-12-23 00:00:00,28.11405038166046,86.57326377868652,4.463194681534697e+31,2.609148503203087e+33
2020-12-23 00:00:00,2020-12-30 00:00:00,27.443715305328368,87.23359744262694,9.328224373572906e+31,5.577334358462e+33
2020-12-30 00:00:00,2021-01-06 00:00:00,28.36417538166046,95.02749335861205,1.886207788859405e+32,1.2574086959933728e+34
2021-01-06 00:00:00,2021-01-11 00:00:00,30.175079847335812,100.300125,3.8575738369357756e+32,2.705125394948573e+34
2021-01-11 00:00:00,2021-01-14 00:00:00,30.62530561065673,97.26861122131348,8.219558675725975e+32,5.477785608111312e+34
2021-01-14 00:00:00,2021-01-19 00:00:00,29.18458507633209,28.494239542007445,1.801474031923012e+33,-1.2436395531398617e+33
2021-01-19 00:00:00,2021-01-21 00:00:00,28.494239542007445,28.03401045799255,1.8232857691959227e+33,-8.391291394544348e+32
2021-01-21 00:00:00,2021-01-27 00:00:00,28.03401045799255,90.43519438934325,1.838244556061995e+33,1.1470863665362868e+35
2021-01-27 00:00:00,2021-02-01 00:00:00,26.823404465675353,27.27363022899628,4.0604973441884577e+33,1.828140516249851e+33
2021-02-01 00:00:00,2021-02-03 00:00:00,27.27363022899628,28.994489542007443,4.026999301745083e+33,6.92989925189748e+33
2021-02-03 00:00:00,2021-02-08 00:00:00,28.994489542007443,28.524255228996278,3.907555324429385e+33,-1.8374665935361747e+33
2021-02-08 00:00:00,2021-02-10 00:00:00,28.524255228996278,27.75386977100372,3.9397480643536245e+33,-3.035124616932361e+33
2021-02-10 00:00:00,2021-02-17 00:00:00,27.75386977100372,28.534260457992552,3.994400029640881e+33,3.1171925832396406e+33
2021-02-17 00:00:00,2021-02-19 00:00:00,28.534260457992552,97.25860408401489,3.9398054136084307e+33,2.7076054106448888e+35
2021-02-22 00:00:00,2021-02-24 00:00:00,22.811399236679076,24.562274236679077,1.0865944343066418e+34,1.9024910301666396e+34
2021-02-24 00:00:00,2021-03-01 00:00:00,24.562274236679077,22.811399236679076,1.0478858895210784e+34,-1.834717206815218e+34
2021-03-01 00:00:00,2021-03-03 00:00:00,22.811399236679076,102.05099999999999,1.0880807024123278e+34,8.621908045742664e+35
2021-03-04 00:00:00,2021-03-08 00:00:00,21.310649236679076,99.24959694671632,3.1886282556950705e+34,2.4851833088736536e+36
2021-03-09 00:00:00,2021-03-11 00:00:00,21.370680610656734,99.0394928627014,8.997047723122438e+34,6.987900104298824e+36
2021-03-12 00:00:00,2021-03-16 00:00:00,23.161574618339543,97.0885209159851,2.3394037105672372e+35,1.729449724796169e+37
2021-03-17 00:00:00,2021-03-19 00:00:00,23.151569389343265,96.14804847335814,6.0773416143622834e+35,4.436245400392097e+37
2021-03-22 00:00:00,2021-03-24 00:00:00,23.701845534324644,92.04599999999999,1.5299364419412875e+36,1.0456221251070109e+38
2021-03-25 00:00:00,2021-03-29 00:00:00,22.711350763320922,23.351670152664184,3.8997928813527756e+36,2.4971129963530254e+36
2021-03-29 00:00:00,2021-04-01 00:00:00,23.351670152664184,24.302145915985108,3.846352069120977e+36,3.655864418898785e+36
2021-04-01 00:00:00,2021-04-06 00:00:00,24.302145915985108,103.85190305328368,3.7711727722119373e+36,2.9999587815225263e+38
2021-04-07 00:00:00,2021-04-09 00:00:00,23.951970534324644,23.51175,1.0091884869512032e+37,-4.442654949599366e+36
2021-04-09 00:00:00,2021-04-14 00:00:00,23.51175,24.212100763320922,1.0186314965573034e+37,7.133993461566428e+36
2021-04-14 00:00:00,2021-04-16 00:00:00,24.212100763320922,108.69431938934325,1.0039065733989679e+37,8.481225461399254e+38
2021-04-19 00:00:00,2021-04-22 00:00:00,22.961475763320923,24.152069389343264,2.9063470558520427e+37,3.460278279706239e+37
2021-04-22 00:00:00,2021-04-27 00:00:00,24.152069389343264,23.83190969467163,2.834747639569883e+37,-9.075719387558238e+36
2021-04-27 00:00:00,2021-04-29 00:00:00,23.83190969467163,112.24609744262693,2.8537792271431885e+37,2.5231457237985268e+39
2021-04-30 00:00:00,2021-05-04 00:00:00,23.411699618339544,109.00447194671632,8.296338020272415e+37,7.10106571328433e+39
2021-05-05 00:00:00,2021-05-07 00:00:00,23.18158507633209,116.5982709159851,2.3702528716678027e+38,2.2142116787312646e+40
2021-05-10 00:00:00,2021-05-13 00:00:00,24.812399236679077,24.77238022899628,6.678602751988376e+38,-2.6727105484216996e+37
2021-05-13 00:00:00,2021-05-17 00:00:00,24.77238022899628,26.313149236679077,6.6839945919497624e+38,1.0298491714795618e+39
2021-05-17 00:00:00,2021-05-20 00:00:00,26.313149236679077,111.75584694671632,6.488401461375528e+38,5.543865246856731e+40
2021-05-20 00:00:00,2021-05-25 00:00:00,26.163074618339543,26.493239542007444,1.7125744640906636e+39,5.654320172120916e+38
2021-05-26 00:00:00,2021-05-31 00:00:00,25.922954847335813,26.97347908401489,1.739349203268438e+39,1.827228494081943e+39
2021-05-31 00:00:00,2021-06-02 00:00:00,26.97347908401489,27.36367538166046,1.7054953041450353e+39,6.6547795332929814e+38
2021-06-02 00:00:00,2021-06-08 00:00:00,27.36367538166046,28.184085076332092,1.693341505266131e+39,1.3892337873101833e+39
2021-06-08 00:00:00,2021-06-10 00:00:00,28.184085076332092,112.27611122131347,1.6687081143532118e+39,1.403250463805329e+41
2021-06-11 00:00:00,2021-06-15 00:00:00,28.814399236679076,28.97447908401489,4.0684039584324524e+39,6.51269484566292e+38
2021-06-15 00:00:00,2021-06-18 00:00:00,28.97447908401489,28.014,4.0571709031644605e+39,-3.8968277927632694e+39
2021-06-18 00:00:00,2021-06-22 00:00:00,28.014,29.014499999999998,4.1266875623146515e+39,4.12875090609581e+39
2021-06-25 00:00:00,2021-06-29 00:00:00,29.704845534324644,110.65529847335814,3.9613211546744495e+39,3.2067074170787186e+41
2021-06-30 00:00:00,2021-07-02 00:00:00,29.044515686988827,112.056,9.574474387789329e+39,7.94791330447301e+41
2021-07-05 00:00:00,2021-07-07 00:00:00,29.02450522899628,28.164074618339544,2.3279650394593433e+40,-2.0030523804895338e+40
2021-07-07 00:00:00,2021-07-13 00:00:00,28.164074618339544,27.57377946567535,2.363507674561503e+40,-1.395167123578273e+40
2021-07-13 00:00:00,2021-07-15 00:00:00,27.57377946567535,115.04749286270139,2.3887938262432545e+40,2.0895666652138768e+42
2021-07-19 00:00:00,2021-07-22 00:00:00,25.982984313011166,113.73684030532836,6.558086035397948e+40,5.754973375355379e+42
2021-07-22 00:00:00,2021-07-27 00:00:00,27.013499999999997,115.75784694671631,1.6965265133480493e+41,1.5055713750486225e+43
2021-07-27 00:00:00,2021-07-30 00:00:00,27.36367538166046,27.61380038166046,4.427231551150773e+41,1.1073612917315885e+41
2021-07-30 00:00:00,2021-08-03 00:00:00,27.61380038166046,26.373180610656732,4.407190709329145e+41,-5.467647928577679e+41
2021-08-03 00:00:00,2021-08-06 00:00:00,26.373180610656732,109.90492347335815,4.5107981237189964e+41,3.767948289760513e+43
2021-08-06 00:00:00,2021-08-11 00:00:00,28.514249999999997,28.174079847335815,1.0782528273067754e+42,-3.667894288755319e+41
2021-08-11 00:00:00,2021-08-13 00:00:00,28.174079847335815,109.75484694671631,1.0847589143936937e+42,8.849546435412875e+43
2021-08-16 00:00:00,2021-08-18 00:00:00,29.21460076332092,105.7928678627014,2.5614568865285337e+42,1.9615192962012955e+44
2021-08-19 00:00:00,2021-08-23 00:00:00,26.27313022899628,97.60877755737306,6.583035275864327e+42,4.696050827893212e+44
2021-08-25 00:00:00,2021-08-27 00:00:00,27.643814160346984,27.71385076332092,1.4754725357519124e+43,1.0333708418539899e+42
2021-08-27 00:00:00,2021-09-01 00:00:00,27.71385076332092,27.333659694671628,1.4736091098331296e+43,-5.602530222387906e+42
2021-09-01 00:00:00,2021-09-03 00:00:00,27.333659694671628,100.21008366394042,1.4838523941569775e+43,1.0813785618439845e+45
2021-09-08 00:00:00,2021-09-10 00:00:00,26.303145915985105,95.5577571372986,3.5986219761542494e+43,2.4922116589103738e+45
2021-09-15 00:00:00,2021-09-20 00:00:00,26.012999999999998,24.092039923667905,8.43147530743272e+43,-1.619652745015812e+44
2021-09-20 00:00:00,2021-09-22 00:00:00,24.092039923667905,88.14404847335815,8.767445803034665e+43,5.615725135349223e+45
2021-09-23 00:00:00,2021-09-28 00:00:00,25.962975763320923,77.51874335861206,1.8955928191653465e+44,9.772874284019132e+45
2021-09-28 00:00:00,2021-10-01 00:00:00,27.203595534324645,76.788375,3.606289245961482e+44,1.7881705695043678e+46
2021-10-01 00:00:00,2021-10-06 00:00:00,27.133560839653015,74.09702755737304,6.912372020567251e+44,3.2462895332840926e+46
2021-10-06 00:00:00,2021-10-11 00:00:00,28.96447576332092,29.51475,1.2082141707949549e+45,6.648491305790398e+44
2021-10-11 00:00:00,2021-10-14 00:00:00,29.51475,29.874930610656733,1.1969568044609397e+45,4.311206327604703e+44
2021-10-19 00:00:00,2021-10-21 00:00:00,29.25461977100372,74.53725,1.2149721725739746e+45,5.501713562918755e+46
2021-10-22 00:00:00,2021-10-26 00:00:00,27.11355038166046,28.814399236679076,2.325990884696554e+45,3.9561589330198714e+45
2021-10-26 00:00:00,2021-10-29 00:00:00,28.814399236679076,29.144564160346984,2.257376217059828e+45,7.453064463953154e+44
2021-10-29 00:00:00,2021-11-03 00:00:00,29.144564160346984,27.723854084014892,2.244596238792292e+45,-3.1889204937493244e+45
2021-11-04 00:00:00,2021-11-09 00:00:00,27.033510457992552,26.21310076332092,2.360866958722633e+45,-1.9368781407659783e+45
2021-11-09 00:00:00,2021-11-11 00:00:00,26.21310076332092,26.893439160346983,2.3977933360935327e+45,1.6313108746776455e+45
2021-11-11 00:00:00,2021-11-17 00:00:00,26.893439160346983,27.403694389343265,2.3674793400010505e+45,1.2080187127762069e+45
2021-11-18 00:00:00,2021-11-22 00:00:00,26.703345534324644,65.58277805328369,2.4069633099772018e+45,9.358136758586893e+46
2021-11-23 00:00:00,2021-11-25 00:00:00,26.623305610656733,71.3256459159851,4.1725867446425496e+45,1.865243926125136e+47
2021-11-26 00:00:00,2021-11-30 00:00:00,28.404194389343264,69.0345,7.196010444523988e+45,2.923761035384874e+47
2021-12-01 00:00:00,2021-12-06 00:00:00,29.85492015266418,28.79439068698883,1.1745401545072973e+46,-1.2456344424738687e+46
2021-12-06 00:00:00,2021-12-08 00:00:00,28.79439068698883,77.02849286270141,1.196159150352471e+46,5.769566267651464e+47
2021-12-09 00:00:00,2021-12-13 00:00:00,29.11455038166046,29.684835076332092,2.1743399201819208e+46,1.2399927774932862e+46
2021-12-13 00:00:00,2021-12-16 00:00:00,29.684835076332092,29.634810839653014,2.153464399433404e+46,-1.0772541279722743e+45
2021-12-16 00:00:00,2021-12-20 00:00:00,29.634810839653014,78.039,2.1552810391729554e+46,1.0432463111383697e+48
2021-12-21 00:00:00,2021-12-23 00:00:00,28.564274236679076,79.98997194671631,4.063108400907564e+46,2.0894818438818517e+48
2021-12-27 00:00:00,2021-12-29 00:00:00,28.33415969467163,28.714350763320923,7.78516371172109e+46,2.9598497111689477e+46
2021-12-29 00:00:00,2022-01-04 00:00:00,28.714350763320923,29.174579847335814,7.733649926668143e+46,3.5592506218422803e+46
2022-01-04 00:00:00,2022-01-06 00:00:00,29.174579847335814,78.67931938934326,7.672681250938332e+46,3.79834086916546e+48
2022-01-07 00:00:00,2022-01-12 00:00:00,28.124055610656733,28.96447576332092,1.471548981085928e+47,1.236719419337066e+47
2022-01-12 00:00:00,2022-01-14 00:00:00,28.96447576332092,83.76186122131347,1.450210755085775e+47,7.946775774176165e+48
2022-01-17 00:00:00,2022-01-19 00:00:00,31.415699618339545,31.915949618339543,2.602467590121006e+47,1.3018844119580233e+47
2022-01-19 00:00:00,2022-01-24 00:00:00,31.915949618339543,31.705845534324645,2.5820822736050853e+47,-5.425060309468984e+46
2022-01-24 00:00:00,2022-01-26 00:00:00,31.705845534324645,33.316649236679076,2.5906332958029394e+47,4.173001704322034e+47
2022-01-26 00:00:00,2022-01-31 00:00:00,33.316649236679076,82.98147244262695,2.528038237490802e+47,1.2555457212285675e+49
2022-01-31 00:00:00,2022-02-03 00:00:00,32.51625,32.36617347335815,4.521875613573292e+47,-6.786273859915442e+46
2022-02-03 00:00:00,2022-02-07 00:00:00,32.36617347335815,88.19407652664184,4.53235396179164e+47,2.530318175820699e+49
2022-02-08 00:00:00,2022-02-11 00:00:00,31.915949618339543,32.78638545799255,8.562305824621678e+47,7.452937859820438e+47
2022-02-11 00:00:00,2022-02-15 00:00:00,32.78638545799255,32.676329847335815,8.448703619211833e+47,-9.29827236070139e+46
2022-02-15 00:00:00,2022-02-18 00:00:00,32.676329847335815,86.48322244262695,8.462924346062036e+47,4.5536366133063445e+49
2022-02-18 00:00:00,2022-02-23 00:00:00,32.586284694671626,88.13404133605957,1.547684811911338e+48,8.597041928962326e+49
2022-02-23 00:00:00,2022-03-02 00:00:00,34.197090305328366,99.01948622131347,2.7323962159914227e+48,1.7712046931233555e+50
2022-03-02 00:00:00,2022-03-07 00:00:00,35.27762832069397,104.49222244262694,5.1603388205919774e+48,3.57170756998928e+50
2022-03-07 00:00:00,2022-03-10 00:00:00,34.51725,94.54724999999999,1.0450403381219702e+49,6.273377149746186e+50
2022-03-11 00:00:00,2022-03-16 00:00:00,33.926954847335814,31.515749999999997,1.9882270043443905e+49,-4.794022590479164e+49
2022-03-16 00:00:00,2022-03-18 00:00:00,31.515749999999997,30.105045152664182,2.0642465434507722e+49,-2.912042604942212e+49
2022-03-18 00:00:00,2022-03-23 00:00:00,30.105045152664182,31.945965305328368,2.1125870552965443e+49,3.8891040843528997e+49
2022-03-23 00:00:00,2022-03-25 00:00:00,31.945965305328368,97.74884694671631,2.0517474548155667e+49,1.3501089492724769e+51
2022-03-28 00:00:00,2022-03-31 00:00:00,32.076031373977656,96.46820816802979,4.149024910299747e+49,2.671647455469476e+51
2022-03-31 00:00:00,2022-04-05 00:00:00,32.586284694671626,32.676329847335815,8.185450402011161e+49,7.37060131074238e+48
2022-04-05 00:00:00,2022-04-07 00:00:00,32.676329847335815,32.65631938934326,8.174177844712799e+49,-1.6356904238529052e+48
2022-04-07 00:00:00,2022-04-12 00:00:00,32.65631938934326,95.14754847335814,8.176680993581398e+49,5.1097084511680545e+51
2022-04-12 00:00:00,2022-04-18 00:00:00,34.41720152664185,31.175579847335815,1.5185240175215459e+50,-4.922480375744742e+50
2022-04-18 00:00:00,2022-04-20 00:00:00,31.175579847335815,31.665824618339546,1.5974322392715467e+50,7.831328023356532e+49
2022-04-20 00:00:00,2022-04-26 00:00:00,31.665824618339546,79.11954183197021,1.5850728384763884e+50,7.52175982400654e+51
2022-04-26 00:00:00,2022-04-29 00:00:00,30.125055610656734,30.765375,2.915189374754657e+50,1.8666522802628716e+50
2022-04-29 00:00:00,2022-05-03 00:00:00,30.765375,82.9914719467163,2.884867642058034e+50,1.5066537715256774e+52
2022-05-04 00:00:00,2022-05-06 00:00:00,30.61530038166046,79.2395969467163,5.360861651129477e+50,2.6066812676875466e+52
2022-05-09 00:00:00,2022-05-12 00:00:00,32.71635076332092,33.276628320693966,9.00233715858433e+50,5.043807473860287e+50
2022-05-12 00:00:00,2022-05-16 00:00:00,33.276628320693966,78.71934030532836,8.926589016051088e+50,4.056484136616105e+52
2022-05-17 00:00:00,2022-05-19 00:00:00,35.0175,33.53676045799255,1.4277786929190889e+51,-2.1141683678410083e+51
2022-05-19 00:00:00,2022-05-24 00:00:00,33.53676045799255,31.21560076332092,1.4592830966658957e+51,-3.387229107096478e+51
2022-05-24 00:00:00,2022-05-26 00:00:00,31.21560076332092,32.03601045799255,1.5135113576917254e+51,1.2416993908459108e+51
2022-05-26 00:00:00,2022-05-31 00:00:00,32.03601045799255,30.425204847335813,1.4941413031280053e+51,-2.4067711941925632e+51
2022-05-31 00:00:00,2022-06-02 00:00:00,30.425204847335813,29.984984313011164,1.5336737864862248e+51,-6.751546937666725e+50
2022-06-02 00:00:00,2022-06-07 00:00:00,29.984984313011164,30.205095534324645,1.5449263706025846e+51,3.4005563027274036e+50
2022-06-07 00:00:00,2022-06-09 00:00:00,30.205095534324645,30.52525522899628,1.5393000748328635e+51,4.928218419665118e+50
2022-06-09 00:00:00,2022-06-14 00:00:00,30.52525522899628,82.37116683197021,1.531231748665723e+51,7.938810588499028e+52
2022-06-14 00:00:00,2022-06-20 00:00:00,29.674829847335815,26.033010457992553,2.9134165336921633e+51,-1.0610136821633355e+52
2022-06-20 00:00:00,2022-06-22 00:00:00,26.033010457992553,74.03699999999999,3.117097006419948e+51,1.496330920976059e+53
2022-06-23 00:00:00,2022-06-27 00:00:00,26.993489542007445,26.83340969467163,5.77922217302675e+51,-9.251370031778727e+50
2022-06-28 00:00:00,2022-06-30 00:00:00,28.5942899236679,77.02849286270141,5.439497673063526e+51,2.634577341835594e+53
2022-07-01 00:00:00,2022-07-06 00:00:00,28.094039923667903,74.68732652664184,1.022755380887589e+52,4.76535345864292e+53
2022-07-06 00:00:00,2022-07-11 00:00:00,28.174079847335815,74.18707652664185,1.8659708307966124e+52,8.585890964112645e+53
2022-07-11 00:00:00,2022-07-14 00:00:00,28.33415969467163,70.53524999999999,3.3712992288103865e+52,1.4227250320131099e+54
2022-07-14 00:00:00,2022-07-19 00:00:00,28.014,28.564274236679076,5.950408740418812e+52,3.27435662756247e+52
2022-07-19 00:00:00,2022-07-21 00:00:00,28.564274236679076,28.994489542007443,5.893121805310093e+52,2.5353111968087344e+52
2022-07-21 00:00:00,2022-07-26 00:00:00,28.994489542007443,71.35565969467163,5.849423095982255e+52,2.4778840706382802e+54
2022-07-26 00:00:00,2022-07-29 00:00:00,31.21560076332092,33.61679847335815,9.404181891057851e+52,2.2581300021581728e+53
2022-07-29 00:00:00,2022-08-02 00:00:00,33.61679847335815,33.786885457992554,9.068486488810401e+52,1.5424315220795726e+52
2022-08-02 00:00:00,2022-08-05 00:00:00,33.786885457992554,67.92394438934326,9.045672010863989e+52,3.0879263850853367e+54
2022-08-05 00:00:00,2022-08-10 00:00:00,34.16707652664184,37.668826526641844,1.3466138994267241e+53,4.715505222317527e+53
2022-08-10 00:00:00,2022-08-12 00:00:00,37.668826526641844,29.11455038166046,1.2840535822587216e+53,-1.0984148927593671e+54
2022-08-12 00:00:00,2022-08-17 00:00:00,29.11455038166046,31.665824618339546,1.4725960242544162e+53,3.756996297716341e+53
2022-08-17 00:00:00,2022-08-19 00:00:00,31.665824618339546,32.93645816802978,1.4133031139192677e+53,1.7957903524274974e+53
2022-08-19 00:00:00,2022-08-24 00:00:00,32.93645816802978,33.556770915985105,1.3860553077329679e+53,8.597877767578953e+52
2022-08-24 00:00:00,2022-08-26 00:00:00,33.556770915985105,69.68482652664184,1.3732507699390742e+53,4.961288018373606e+54
2022-08-29 00:00:00,2022-08-31 00:00:00,33.56677423667907,65.45270816802979,2.11222872680703e+53,6.735038563086998e+54
2022-09-01 00:00:00,2022-09-06 00:00:00,33.376680610656734,32.28613545799255,3.1337069267279757e+53,-3.4174488988133805e+53
2022-09-06 00:00:00,2022-09-09 00:00:00,32.28613545799255,32.50624667930603,3.1866048676848337e+53,7.014074892695906e+52
2022-09-09 00:00:00,2022-09-14 00:00:00,32.50624667930603,67.783875,3.175821451308878e+53,1.1203544877216149e+55
2022-09-14 00:00:00,2022-09-19 00:00:00,30.765375,30.515249999999998,5.177241257548523e+53,-1.2949574695443263e+53
2022-09-19 00:00:00,2022-09-21 00:00:00,30.515249999999998,69.4847219467163,5.198448850322784e+53,2.0258080663909335e+55
2022-09-22 00:00:00,2022-09-26 00:00:00,31.495739542007446,29.734859313011164,8.254227987067259e+53,-1.4534706868054473e+54
2022-09-26 00:00:00,2022-09-29 00:00:00,29.734859313011164,67.96396530532837,8.498510957463956e+53,3.2489047616975875e+55
2022-09-29 00:00:00,2022-10-04 00:00:00,29.00449477100372,32.91645152664184,1.4316004870021293e+54,5.6003591965028094e+54
2022-10-04 00:00:00,2022-10-06 00:00:00,32.91645152664184,33.0165,1.3465737183607095e+54,1.347226447862056e+53
2022-10-06 00:00:00,2022-10-11 00:00:00,33.0165,32.90644438934326,1.344534506399057e+54,-1.4797356615081577e+53
2022-10-11 00:00:00,2022-10-14 00:00:00,32.90644438934326,33.98698622131347,1.3467817801795023e+54,1.4552540520192666e+54
2022-10-14 00:00:00,2022-10-19 00:00:00,33.98698622131347,34.14706606864929,1.325383495325385e+54,2.1216718759309526e+53
2022-10-19 00:00:00,2022-10-21 00:00:00,34.14706606864929,71.83590305328369,1.3222783807663045e+54,4.983513434100759e+55
2022-10-24 00:00:00,2022-10-27 00:00:00,36.518249999999995,32.82640637397766,1.9190939648877657e+54,-7.084994822008824e+54
2022-10-27 00:00:00,2022-10-31 00:00:00,32.82640637397766,66.033,2.0269560964278708e+54,6.730830739186885e+55
2022-11-01 00:00:00,2022-11-04 00:00:00,30.58528469467163,71.18557652664184,3.276368564056323e+54,1.330215198497799e+56
2022-11-08 00:00:00,2022-11-11 00:00:00,27.073529465675353,25.812899236679076,6.159251634058338e+54,-7.764538797888663e+54
2022-11-11 00:00:00,2022-11-16 00:00:00,25.812899236679076,27.82390446567535,6.309576796244346e+54,1.2688591930000966e+55
2022-11-17 00:00:00,2022-11-21 00:00:00,27.013499999999997,79.13954847335815,6.264124907195538e+54,3.2652407855564477e+56
2022-11-22 00:00:00,2022-11-25 00:00:00,23.011499999999998,82.041,1.4451887468352257e+55,8.530876913130997e+56
2022-11-25 00:00:00,2022-11-30 00:00:00,24.27213022899628,25.61280038166046,3.1283481049811665e+55,4.194082931491803e+55
2022-12-01 00:00:00,2022-12-05 00:00:00,26.593289923667903,26.012999999999998,2.9341898958793083e+55,-1.7026808307069436e+55
2022-12-05 00:00:00,2022-12-08 00:00:00,26.012999999999998,25.562774236679076,2.966901030509908e+55,-1.3357752811589545e+55
2022-12-09 00:00:00,2022-12-14 00:00:00,25.00249477100372,85.792875,3.0600856283743953e+55,1.8602376888216648e+57
2022-12-14 00:00:00,2022-12-19 00:00:00,22.51125,85.04249999999999,7.532596604167172e+55,4.710226814043284e+57
2022-12-19 00:00:00,2022-12-22 00:00:00,22.11105038166046,23.911949618339545,1.8325554629198246e+56,3.300247734344405e+56
2022-12-22 00:00:00,2022-12-26 00:00:00,23.911949618339545,86.46320816802978,1.763581630523755e+56,1.1031425054437568e+58
2022-12-27 00:00:00,2023-01-02 00:00:00,25.262625,23.551770915985106,3.8537317057010934e+56,-6.593172627396407e+56
2023-01-02 00:00:00,2023-01-04 00:00:00,23.551770915985106,89.3446530532837,3.993633627823858e+56,2.627526665749673e+58
2023-01-05 00:00:00,2023-01-09 00:00:00,23.351670152664184,91.57576377868652,9.656661142641324e+56,6.588169539103335e+58
2023-01-10 00:00:00,2023-01-13 00:00:00,23.961975763320922,24.452220534324645,2.316471531626846e+57,1.1356380555590393e+57
2023-01-13 00:00:00,2023-01-17 00:00:00,24.452220534324645,92.55625713729859,2.2932615692649832e+57,1.561803698534159e+59
2023-01-18 00:00:00,2023-01-20 00:00:00,25.852920152664183,93.94695152664184,5.191079648304259e+57,3.5348154043644706e+59
2023-01-23 00:00:00,2023-01-25 00:00:00,26.283135457992554,26.563274236679074,1.1833965120111997e+58,3.315152535767039e+57
2023-01-25 00:00:00,2023-01-30 00:00:00,26.563274236679074,95.94795152664184,1.1771595268225968e+58,8.167683388739115e+59
2023-01-30 00:00:00,2023-02-02 00:00:00,25.86292538166046,91.73584744262693,2.788858816977519e+58,1.837102794897993e+60
2023-02-02 00:00:00,2023-02-07 00:00:00,25.522755228996278,25.922954847335813,6.42677929269544e+58,2.5719946200891734e+58
2023-02-07 00:00:00,2023-02-09 00:00:00,25.922954847335813,88.76436122131348,6.377195658462415e+58,4.007519438998027e+60
2023-02-10 00:00:00,2023-02-15 00:00:00,25.992989542007447,87.14354847335815,1.4072714277504122e+59,8.605543437505762e+60
2023-02-15 00:00:00,2023-02-22 00:00:00,26.593289923667903,87.09352805328369,2.994305058868854e+59,1.8115616909427885e+61
2023-02-22 00:00:00,2023-02-27 00:00:00,26.012999999999998,25.852920152664183,6.544873568593316e+59,-1.0477023616926254e+59
2023-02-27 00:00:00,2023-03-01 00:00:00,25.852920152664183,87.81388164138794,6.565126184242305e+59,4.067815306704494e+61
2023-03-02 00:00:00,2023-03-07 00:00:00,25.43271007633209,86.89342347335815,1.4674808254060014e+60,9.01924184259095e+61
2023-03-07 00:00:00,2023-03-10 00:00:00,25.732859313011165,84.64229847335815,3.203715945044804e+60,1.8872910955165046e+62
2023-03-10 00:00:00,2023-03-15 00:00:00,25.172579847335815,23.341664923667903,7.025601262105807e+60,-1.2863278198529626e+61
2023-03-15 00:00:00,2023-03-17 00:00:00,23.341664923667903,82.95145866394043,7.301006778410556e+60,4.352115081573848e+62
2023-03-20 00:00:00,2023-03-23 00:00:00,23.52175522899628,81.56075664138794,1.6500988425572585e+61,9.577008905376656e+62
2023-03-23 00:00:00,2023-03-28 00:00:00,23.381685839653013,78.75936122131347,3.7089801275302566e+61,2.0539469749940016e+63
2023-03-28 00:00:00,2023-03-31 00:00:00,23.231609313011166,24.012,8.155737426480735e+61,6.364661533151849e+61
2023-03-31 00:00:00,2023-04-04 00:00:00,24.012,24.642314160346984,8.023272842056587e+61,5.057182484675671e+61
2023-04-04 00:00:00,2023-04-10 00:00:00,24.642314160346984,76.788375,7.920712387292825e+61,4.130339500411649e+63
2023-04-10 00:00:00,2023-04-13 00:00:00,24.04201568698883,80.03999999999999,1.6712613524620782e+62,9.358726699811327e+63
2023-04-13 00:00:00,2023-04-18 00:00:00,25.86292538166046,26.72335408401489,3.363792791609259e+62,2.8943038666735447e+62
2023-04-18 00:00:00,2023-04-20 00:00:00,26.72335408401489,75.93795152664184,3.3096667880835522e+62,1.6288391864476415e+64
2023-04-24 00:00:00,2023-04-26 00:00:00,26.61330038166046,27.133560839653015,6.385080968657452e+62,3.321905149073289e+62
2023-04-26 00:00:00,2023-05-02 00:00:00,27.133560839653015,23.71185076332092,6.323897620549921e+62,-2.1638544209928212e+63
2023-05-02 00:00:00,2023-05-04 00:00:00,23.71185076332092,69.08452805328369,6.779950696155442e+62,3.076245149785193e+64
2023-05-05 00:00:00,2023-05-09 00:00:00,23.311649236679077,24.422204847335813,1.3497729805098114e+63,1.4989979566180365e+63
2023-05-09 00:00:00,2023-05-12 00:00:00,24.422204847335813,67.93395152664185,1.3190990821659612e+63,5.739630510811039e+64
2023-05-12 00:00:00,2023-05-17 00:00:00,25.5927899236679,69.15456274795532,2.380663062160983e+63,1.0370590348502918e+65
2023-05-17 00:00:00,2023-05-22 00:00:00,26.61330038166046,68.43420152664184,4.238733499023076e+63,1.7726765464256513e+65
2023-05-22 00:00:00,2023-05-25 00:00:00,25.892939160346984,65.83290305328369,7.781458521742842e+63,3.1079117239279376e+65
2023-05-25 00:00:00,2023-05-30 00:00:00,26.813399236679075,26.733359313011164,1.331267673005254e+64,-1.065545629288955e+63
2023-05-30 00:00:00,2023-06-01 00:00:00,26.733359313011164,26.313149236679077,1.3332595903771125e+64,-5.6024911424284986e+63
2023-06-01 00:00:00,2023-06-06 00:00:00,26.313149236679077,67.83390305328369,1.34390006872976e+64,5.579974390784639e+65
2023-06-06 00:00:00,2023-06-12 00:00:00,27.463725763320923,67.83390305328369,2.3039869208888517e+64,9.301236047003837e+65
2023-06-12 00:00:00,2023-06-15 00:00:00,30.235109313011165,69.13454847335815,3.63172155740986e+64,1.4127193176978545e+66
2023-06-15 00:00:00,2023-06-20 00:00:00,30.215100763320923,69.0345,5.973065705265759e+64,2.3187082227962753e+66
2023-06-20 00:00:00,2023-06-23 00:00:00,30.315149236679076,31.21560076332092,9.779604206507359e+64,8.806059537702561e+64
2023-06-23 00:00:00,2023-06-27 00:00:00,31.21560076332092,30.945465305328366,9.638622513176058e+64,-2.6037337070141678e+64
2023-06-27 00:00:00,2023-06-30 00:00:00,30.945465305328366,65.7428540840149,9.680671191625119e+64,3.3686207909360985e+66
2023-06-30 00:00:00,2023-07-05 00:00:00,31.0155,65.64280561065674,1.5092071047034718e+65,5.225977564434153e+66
2023-07-05 00:00:00,2023-07-10 00:00:00,30.175079847335812,29.12455561065673,2.417616327482671e+65,-2.539764547011624e+65
2023-07-10 00:00:00,2023-07-12 00:00:00,29.12455561065673,68.03399999999999,2.461196299975183e+65,9.576378056514179e+66
2023-07-13 00:00:00,2023-07-18 00:00:00,29.08453469467163,67.76386835861206,4.1117068225606066e+65,1.59038080118122e+67
2023-07-18 00:00:00,2023-07-21 00:00:00,29.014499999999998,67.47372244262695,6.86366745296912e+65,2.6397131334595816e+67
2023-07-21 00:00:00,2023-07-26 00:00:00,29.164574618339543,71.78587499999999,1.135615839249105e+66,4.8401423802807525e+67
2023-07-26 00:00:00,2023-07-31 00:00:00,30.96547576332092,30.315149236679076,1.8514995725276262e+66,-1.2040792860807494e+66
2023-07-31 00:00:00,2023-08-02 00:00:00,30.315149236679076,67.77386786270141,1.8713490088118062e+66,7.009833597216723e+67
2023-08-03 00:00:00,2023-08-08 00:00:00,30.945465305328366,29.924954847335815,2.9664093313960255e+66,-3.0272517453763255e+66
2023-08-08 00:00:00,2023-08-10 00:00:00,29.924954847335815,30.315149236679076,3.016964764728167e+66,1.17720272404325e+66
2023-08-10 00:00:00,2023-08-15 00:00:00,30.315149236679076,32.06602423667908,2.997558392793543e+66,5.2483500509823945e+66
2023-08-15 00:00:00,2023-08-17 00:00:00,32.06602423667908,62.62129515266418,2.9157626915672507e+66,8.909191896755925e+67
2023-08-18 00:00:00,2023-08-22 00:00:00,31.425704847335815,30.515249999999998,4.393382750536027e+66,-3.999976621427087e+66
2023-08-22 00:00:00,2023-08-25 00:00:00,30.515249999999998,62.701333168029784,4.4588905971556096e+66,1.4351422359719643e+68
2023-08-25 00:00:00,2023-08-30 00:00:00,32.39619106864929,32.42620484733581,6.416098460738474e+66,1.9257135923155082e+65
2023-08-30 00:00:00,2023-09-01 00:00:00,32.42620484733581,66.72334744262695,6.413130566801177e+66,2.1995205353180026e+68
2023-09-04 00:00:00,2023-09-08 00:00:00,32.69634030532837,33.49673954200745,9.72538508229523e+66,7.784190796279166e+66
2023-09-08 00:00:00,2023-09-12 00:00:00,33.49673954200745,33.56677423667907,9.609249917988808e+66,6.729808840296945e+65
2023-09-12 00:00:00,2023-09-15 00:00:00,33.56677423667907,33.886933931350704,9.599230420898546e+66,3.0732866806375217e+66
2023-09-15 00:00:00,2023-09-19 00:00:00,33.886933931350704,34.22710408401489,9.553906904118892e+66,3.249953970113561e+66
2023-09-19 00:00:00,2023-09-22 00:00:00,34.22710408401489,34.03701045799255,9.506454321143204e+66,-1.8071163725218804e+66
2023-09-22 00:00:00,2023-09-26 00:00:00,34.03701045799255,34.016999999999996,9.532987391909875e+66,-1.90759443749362e+65
2023-09-26 00:00:00,2023-09-29 00:00:00,34.016999999999996,34.51725,9.53578987396337e+66,4.770278884450147e+66
2023-09-29 00:00:00,2023-10-03 00:00:00,34.51725,66.11304183197021,9.466724497303758e+66,2.991086565474223e+68
2023-10-04 00:00:00,2023-10-06 00:00:00,33.61679847335815,32.61629847335815,1.4171319793285975e+67,-1.4178405453182667e+67
2023-10-06 00:00:00,2023-10-11 00:00:00,32.61629847335815,66.84340255737304,1.438856265826085e+67,4.924788317236641e+68
2023-10-11 00:00:00,2023-10-17 00:00:00,35.15756938934326,67.03349999999999,2.0355906345765247e+67,6.488634581946401e+68
2023-10-17 00:00:00,2023-10-20 00:00:00,36.71835076332092,38.70934362602233,2.8330742344648786e+67,5.640630580322842e+67
2023-10-20 00:00:00,2023-10-24 00:00:00,38.70934362602233,64.032,2.760251890594875e+67,6.989691013115622e+68
2023-10-27 00:00:00,2023-11-01 00:00:00,36.22810408401489,69.29463213729858,3.9144601078668866e+67,1.294376049702403e+69
2023-11-01 00:00:00,2023-11-07 00:00:00,35.03751045799255,35.08753469467163,5.895528175568995e+67,2.949192968028699e+66
2023-11-07 00:00:00,2023-11-09 00:00:00,35.08753469467163,70.53524999999999,5.891327654789756e+67,2.088341054773951e+69
2023-11-10 00:00:00,2023-11-14 00:00:00,34.67732984733581,72.05600664138794,8.973627038763724e+67,3.3542230475231633e+69
2023-11-16 00:00:00,2023-11-21 00:00:00,35.997989542007446,36.558270915985105,1.3305643976133476e+68,7.454904488605619e+67
2023-11-21 00:00:00,2023-11-23 00:00:00,36.558270915985105,74.40718774795532,1.3203735750584668e+68,4.997470962951909e+69
2023-11-24 00:00:00,2023-11-29 00:00:00,34.99748954200744,73.83690305328369,2.0935908351802132e+68,8.13138401709825e+69
2023-11-29 00:00:00,2023-12-04 00:00:00,35.91795152664184,35.457718626022334,3.1724435014195172e+68,-1.460062874709811e+68
2023-12-04 00:00:00,2023-12-06 00:00:00,35.457718626022334,73.53675,3.1930219946196054e+68,1.2158718471092068e+70
2023-12-07 00:00:00,2023-12-11 00:00:00,33.66682652664184,34.477229084014894,5.169517966471689e+68,4.189390580414612e+68
2023-12-11 00:00:00,2023-12-14 00:00:00,34.477229084014894,35.0175,5.108792438400384e+68,2.76013197027236e+68
2023-12-14 00:00:00,2023-12-18 00:00:00,35.0175,74.09702755737304,5.069401392433549e+68,1.981098114149922e+70
2023-12-19 00:00:00,2023-12-22 00:00:00,35.97797908401489,36.518249999999995,7.688652988927764e+68,4.153955593019622e+68
2023-12-22 00:00:00,2023-12-27 00:00:00,36.518249999999995,76.88842347335815,7.631806362717265e+68,3.0809734677797447e+70
2023-12-28 00:00:00,2024-01-03 00:00:00,37.248614542007445,37.81889923667907,1.1619919713869043e+69,6.626662366132672e+68
2024-01-03 00:00:00,2024-01-08 00:00:00,37.81889923667907,38.39919106864929,1.1532353058458222e+69,6.692130283219985e+68
2024-01-08 00:00:00,2024-01-10 00:00:00,38.39919106864929,38.11904847335815,1.144525767920765e+69,-3.2063041900290883e+68
2024-01-10 00:00:00,2024-01-15 00:00:00,38.11904847335815,71.25561122131347,1.1487293107245339e+69,3.806494088523898e+70
2024-01-15 00:00:00,2024-01-18 00:00:00,38.00899667930603,70.23509694671631,1.6530416597480088e+69,5.327108627324564e+70
2024-01-18 00:00:00,2024-01-23 00:00:00,38.15906938934326,37.85892015266418,2.344902988889366e+69,-7.03820842201633e+68
2024-01-23 00:00:00,2024-01-25 00:00:00,37.85892015266418,38.27912832069397,2.3541936518156172e+69,9.892514016168019e+68
2024-01-25 00:00:00,2024-01-30 00:00:00,38.27912832069397,69.43470152664185,2.3412785618006046e+69,7.294387562769509e+70
2024-01-30 00:00:00,2024-02-02 00:00:00,40.19008316802978,41.60079183197021,3.1378953797420564e+69,4.426656198740765e+69
2024-02-02 00:00:00,2024-02-06 00:00:00,41.60079183197021,41.47072576332092,3.084717992055397e+69,-4.012171421183886e+68
2024-02-08 00:00:00,2024-02-15 00:00:00,42.32114923667908,65.53275,3.027469822616258e+69,7.027242084557059e+70
2024-02-15 00:00:00,2024-02-20 00:00:00,41.03050332069397,66.18307652664184,3.97947301363302e+69,1.0009398629649856e+71
2024-02-22 00:00:00,2024-02-27 00:00:00,42.691333168029786,42.72135076332092,4.9975435647691986e+69,1.5001424017707634e+68
2024-02-27 00:00:00,2024-02-29 00:00:00,42.72135076332092,40.61029515266418,4.995788713501882e+69,-1.0546387793293774e+70
2024-02-29 00:00:00,2024-03-05 00:00:00,40.61029515266418,66.033,5.125572485815903e+69,1.3030591648052306e+71
2024-03-05 00:00:00,2024-03-08 00:00:00,40.120048473358146,35.91795152664184,6.812966499186813e+69,-2.862874572431332e+70
2024-03-11 00:00:00,2024-03-14 00:00:00,35.68783316802978,61.13054847335815,7.257796093324761e+69,1.8465803974658634e+71
2024-03-15 00:00:00,2024-03-19 00:00:00,36.318149236679076,36.40819438934326,9.675333350260587e+69,8.712168686010446e+68
2024-03-21 00:00:00,2024-03-26 00:00:00,36.86842347335814,60.340156373977656,9.542746709040498e+69,2.239848018928645e+71
2024-03-26 00:00:00,2024-04-01 00:00:00,36.688333168029786,37.51875,1.2643649461813803e+70,1.049949933062133e+70
2024-04-01 00:00:00,2024-04-03 00:00:00,37.51875,61.400683931350706,1.2503796060768247e+70,2.986148314143506e+71
2024-04-04 00:00:00,2024-04-08 00:00:00,38.489236221313476,38.04901377868653,1.6069658132823048e+70,-7.07422415541133e+69
2024-04-08 00:00:00,2024-04-11 00:00:00,38.04901377868653,39.619798473358145,1.616257364286045e+70,2.5387923304708107e+70
2024-04-11 00:00:00,2024-04-15 00:00:00,39.619798473358145,62.331149236679074,1.5842339437730417e+70,3.59800927881888e+71
2024-04-16 00:00:00,2024-04-18 00:00:00,39.02950332069397,40.019999999999996,2.0693594366446754e+70,2.049693650287145e+70
2024-04-18 00:00:00,2024-04-23 00:00:00,40.019999999999996,41.42070152664184,2.0437638743825312e+70,2.8627031789430684e+70
2024-04-23 00:00:00,2024-04-25 00:00:00,41.42070152664184,41.42070152664184,2.0092247221965984e+70,0.0
2024-05-06 00:00:00,2024-05-08 00:00:00,39.889933931350704,63.68182652664184,2.086328286762273e+70,4.963769851716576e+71
2024-05-14 00:00:00,2024-05-16 00:00:00,40.78037832069397,38.319149236679074,2.649675178379477e+70,-6.521457612219925e+70
2024-05-16 00:00:00,2024-05-21 00:00:00,38.319149236679074,36.8083959159851,2.7347266084510837e+70,-4.1314973049076514e+70
2024-05-21 00:00:00,2024-05-23 00:00:00,36.8083959159851,37.45871862602233,2.7908202177145874e+70,1.8149337672108473e+70
2024-05-23 00:00:00,2024-05-28 00:00:00,37.45871862602233,65.31263877868652,2.766606545078879e+70,7.706083780046522e+71
2024-05-28 00:00:00,2024-06-03 00:00:00,37.45871862602233,62.87142015266418,3.795731019264777e+70,9.645977946799182e+71
2024-06-03 00:00:00,2024-06-06 00:00:00,38.84941683197021,38.299138778686526,4.9019326527663936e+70,-2.6974259574920218e+70
2024-06-06 00:00:00,2024-06-10 00:00:00,38.299138778686526,37.20859362602233,4.937130275095354e+70,-5.3841634895768925e+70
2024-06-10 00:00:00,2024-06-13 00:00:00,37.20859362602233,60.350159694671625,5.009445174469412e+70,1.1592640647226029e+72
2024-06-13 00:00:00,2024-06-18 00:00:00,35.91795152664184,34.90744438934326,6.804023732955577e+70,-6.875514544500564e+70
2024-06-18 00:00:00,2024-06-20 00:00:00,34.90744438934326,61.080524236679075,6.90245655878178e+70,1.8065854665576228e+72
2024-06-21 00:00:00,2024-06-25 00:00:00,36.56827423667907,61.02049667930603,9.060355276699175e+70,2.2154582263507708e+72
2024-06-26 00:00:00,2024-07-01 00:00:00,36.81839923667908,62.74135408401489,1.200893747093704e+71,3.1130714382358e+72
2024-07-01 00:00:00,2024-07-04 00:00:00,38.32915637397766,64.67231938934326,1.5598601938364944e+71,4.1091651367414555e+72
2024-07-04 00:00:00,2024-07-09 00:00:00,37.91895152664184,38.46922576332092,2.1188408606498893e+71,1.16594353723857e+71
2024-07-09 00:00:00,2024-07-11 00:00:00,38.46922576332092,62.45120816802978,2.1036942006593851e+71,5.045075730510144e+72
2024-07-12 00:00:00,2024-07-16 00:00:00,38.449215305328366,62.321145915985106,2.761187130633566e+71,6.5914867585522896e+72
2024-07-17 00:00:00,2024-07-22 00:00:00,38.449215305328366,61.1505589313507,3.618783631571473e+71,8.215125072852903e+72
2024-07-22 00:00:00,2024-07-25 00:00:00,38.60929515266418,60.530249999999995,4.668190741581031e+71,1.0233119846494886e+73
2024-07-25 00:00:00,2024-07-30 00:00:00,37.57878137397766,61.06051377868653,6.158441751998483e+71,1.446108812504148e+73
2024-07-31 00:00:00,2024-08-05 00:00:00,37.068524236679075,34.81739923667907,8.194778071247575e+71,-1.844746978563724e+72
2024-08-05 00:00:00,2024-08-07 00:00:00,34.81739923667907,36.71835076332092,8.459563012899969e+71,1.6081219224095104e+72
2024-08-07 00:00:00,2024-08-12 00:00:00,36.71835076332092,57.128548473358144,8.240691817975017e+71,1.681941492723562e+73
2024-08-12 00:00:00,2024-08-15 00:00:00,36.81839923667908,38.06902423667908,1.0503545615667922e+72,1.313599673559469e+72
2024-08-15 00:00:00,2024-08-19 00:00:00,38.06902423667908,38.61929847335814,1.0331103203490506e+72,5.684939929353402e+71
2024-08-19 00:00:00,2024-08-22 00:00:00,38.61929847335814,37.29863877868653,1.0257537684643645e+72,-1.354671658668406e+72
2024-08-22 00:00:00,2024-08-26 00:00:00,37.29863877868653,58.52925,1.0439044888012793e+72,2.2162730353923934e+73
2024-08-27 00:00:00,2024-08-29 00:00:00,39.269625,59.43970484733581,1.2738375349089476e+72,2.569340479164689e+73
2024-08-30 00:00:00,2024-09-04 00:00:00,39.239611221313474,38.75937167930603,1.6023667436253324e+72,-7.695198710865938e+71
2024-09-11 00:00:00,2024-09-16 00:00:00,37.77887832069397,37.25862167930603,1.654133169540888e+72,-8.605737671937216e+71
2024-09-16 00:00:00,2024-09-18 00:00:00,37.25862167930603,36.928454847335814,1.6656760479612652e+72,-5.499509838440437e+71
2024-09-18 00:00:00,2024-09-23 00:00:00,36.928454847335814,36.40819438934326,1.6731184932331362e+72,-8.704573935652894e+71
2024-09-23 00:00:00,2024-09-25 00:00:00,36.40819438934326,60.750361221313476,1.685066657368449e+72,4.101817369665318e+73
2024-09-27 00:00:00,2024-10-02 00:00:00,36.39819106864929,37.768875,2.2492759504946523e+72,3.083046402516624e+72
2024-10-02 00:00:00,2024-10-04 00:00:00,37.768875,38.169076526641845,2.208481713450058e+72,8.838377532833093e+71
2024-10-04 00:00:00,2024-10-09 00:00:00,38.169076526641845,60.70033316802978,2.196909572926956e+72,4.949913340553919e+73
2024-10-09 00:00:00,2024-10-14 00:00:00,37.388683931350705,37.488736221313474,2.9050487922150873e+72,2.906567841147e+71
2024-10-14 00:00:00,2024-10-16 00:00:00,37.488736221313474,61.960965305328365,2.901174142320148e+72,7.099819822347906e+73
2024-10-23 00:00:00,2024-10-25 00:00:00,35.92795484733581,60.60028469467163,4.0157643658787206e+72,9.907826302413715e+73
2024-10-28 00:00:00,2024-10-30 00:00:00,35.50774667930603,62.53125,5.459149622851931e+72,1.475253479613044e+74
2024-10-31 00:00:00,2024-11-04 00:00:00,35.88793393135071,35.91795152664184,7.45770591648614e+72,2.2386239800138494e+71
2024-11-04 00:00:00,2024-11-07 00:00:00,35.91795152664184,35.50774667930603,7.454591172224676e+72,-3.0579094337533002e+72
2024-11-07 00:00:00,2024-11-11 00:00:00,35.50774667930603,59.779875,7.497629392963388e+72,1.8198342272701415e+74
2024-11-12 00:00:00,2024-11-18 00:00:00,36.378180610656734,37.21860076332092,9.820753165846745e+72,8.25355887491822e+72
2024-11-18 00:00:00,2024-11-21 00:00:00,37.21860076332092,57.528749999999995,9.709929116496526e+72,1.972101094336198e+74
2024-11-22 00:00:00,2024-11-27 00:00:00,38.72935408401489,57.898933931350705,1.1878440613113042e+73,2.27704715794907e+74
2024-11-27 00:00:00,2024-12-02 00:00:00,39.21960076332092,38.91945152664184,1.4634356428339144e+73,-4.3924909112555306e+72
2024-12-02 00:00:00,2024-12-04 00:00:00,38.91945152664184,39.519749999999995,1.469075874766261e+73,8.81884004869477e+72
2024-12-04 00:00:00,2024-12-09 00:00:00,39.519749999999995,39.39969106864929,1.4579239436069415e+73,-1.7503679066005626e+72
2024-12-09 00:00:00,2024-12-11 00:00:00,39.39969106864929,40.37017347335814,1.4601441294449458e+73,1.417044185965251e+73
2024-12-11 00:00:00,2024-12-16 00:00:00,40.37017347335814,38.20909362602233,1.4426022719049112e+73,-3.117578697534559e+73
2024-12-16 00:00:00,2024-12-18 00:00:00,38.20909362602233,38.299138778686526,1.4833781659719668e+73,1.3357101341368384e+72
2025-01-02 00:00:00,2025-01-07 00:00:00,36.43820816802978,52.65631606864929,1.557303637550095e+73,2.5256518427814695e+74
2025-01-10 00:00:00,2025-01-14 00:00:00,37.268625,37.12855561065673,1.8616175796503002e+73,-2.607556375723047e+72
2025-01-14 00:00:00,2025-01-17 00:00:00,37.12855561065673,37.028503320693964,1.865127348014124e+73,-1.8661026224100327e+72
2025-01-17 00:00:00,2025-01-21 00:00:00,37.028503320693964,37.118548473358146,1.8676459072371974e+73,1.6817246083980724e+72
2025-01-21 00:00:00,2025-01-24 00:00:00,37.118548473358146,52.62629847335815,1.865381697273141e+73,2.8927873015887544e+74
2025-01-27 00:00:00,2025-01-29 00:00:00,36.58828469467163,37.21860076332092,2.287929869528343e+73,1.4421189607063946e+73
2025-01-29 00:00:00,2025-02-03 00:00:00,37.21860076332092,37.77887832069397,2.268565924193695e+73,1.2710265747469743e+73
2025-02-04 00:00:00,2025-02-07 00:00:00,37.31864923667907,36.878430610656736,2.2795219607853788e+73,-1.0034880255646755e+73
2025-02-07 00:00:00,2025-02-11 00:00:00,36.878430610656736,37.028503320693964,2.2931205096518003e+73,3.4413480932539275e+72
2025-02-11 00:00:00,2025-02-14 00:00:00,37.028503320693964,55.24761122131348,2.288475942479563e+73,4.169399012400708e+74
2025-02-14 00:00:00,2025-02-19 00:00:00,36.45821862602233,55.32764923667907,2.896363606739611e+73,5.465273210060456e+74
2025-02-19 00:00:00,2025-02-24 00:00:00,38.129055610656735,38.51925,3.486482544591013e+73,1.3604059274426353e+73
2025-02-25 00:00:00,2025-02-28 00:00:00,38.139058931350704,36.508246679306026,3.503411820779444e+73,-5.713406921285258e+73
2025-03-18 00:00:00,2025-03-21 00:00:00,36.20809362602233,56.97847576332092,3.6113113115447264e+73,7.500831595753291e+74
2025-03-21 00:00:00,2025-03-26 00:00:00,36.238111221313474,57.428701526641845,4.64377426050577e+73,9.8404317824807e+74
2025-03-27 00:00:00,2025-04-01 00:00:00,37.44871530532837,57.128548473358144,5.80816635116432e+73,1.1430374480307804e+75
2025-04-01 00:00:00,2025-04-04 00:00:00,37.31864923667907,53.24661122131347,7.360631268467754e+73,1.1723985502706562e+75
2025-04-09 00:00:00,2025-04-14 00:00:00,31.325654465675353,54.427201526641845,1.0641056336461232e+74,2.4582486373515486e+75
2025-04-14 00:00:00,2025-04-17 00:00:00,32.61629847335815,52.806388778686525,1.399030433824392e+74,2.8246550798817213e+75
2025-04-17 00:00:00,2025-04-24 00:00:00,30.68533507633209,54.47722576332092,1.9475600019154132e+74,4.633613467192327e+75
2025-04-24 00:00:00,2025-04-29 00:00:00,30.82540446567535,54.23710408401489,2.6906762148740834e+74,6.2993303312842846e+75
2025-04-29 00:00:00,2025-05-05 00:00:00,30.315149236679076,30.58528469467163,3.7754583260779504e+74,1.0198851640468718e+74
2025-05-07 00:00:00,2025-05-09 00:00:00,30.315149236679076,53.0265,3.792288114687309e+74,8.612798556823649e+75
2025-05-12 00:00:00,2025-05-15 00:00:00,31.915949618339543,55.027499999999996,4.952047700780995e+74,1.1444949992898579e+76
2025-05-15 00:00:00,2025-05-20 00:00:00,31.715850763320923,32.06602423667908,6.78848784073013e+74,2.3771483660380766e+74
2025-05-20 00:00:00,2025-05-22 00:00:00,32.06602423667908,31.655819389343264,6.751439908402785e+74,-2.7694733769232704e+74
2025-05-22 00:00:00,2025-05-27 00:00:00,31.655819389343264,54.026999999999994,6.795161547798521e+74,1.5201578626439044e+76
2025-05-27 00:00:00,2025-05-30 00:00:00,31.535760457992552,31.165574618339544,9.232449115825608e+74,-3.417721927995591e+74
2025-05-30 00:00:00,2025-06-03 00:00:00,31.165574618339544,29.894939160346983,9.287253384780453e+74,-1.1800713458063477e+75
2025-06-03 00:00:00,2025-06-06 00:00:00,29.894939160346983,29.46472576332092,9.484524451934512e+74,-4.0803694836435195e+74
2025-06-06 00:00:00,2025-06-10 00:00:00,29.46472576332092,29.424704847335814,9.55373143067345e+74,-3.8234908293125555e+73
2025-06-10 00:00:00,2025-06-13 00:00:00,29.424704847335814,52.09603469467163,9.560225258060547e+74,2.1674302024032183e+76
2025-06-13 00:00:00,2025-06-18 00:00:00,33.12655561065674,32.97647908401489,1.1764957001515769e+75,-1.7656438828781507e+74
2025-06-18 00:00:00,2025-06-23 00:00:00,32.97647908401489,50.045010457992554,1.1791714877279894e+75,2.012672553358511e+76
2025-06-24 00:00:00,2025-06-27 00:00:00,31.305645915985107,52.21609362602233,1.563721715919251e+75,3.269812117377918e+76
2025-06-27 00:00:00,2025-07-02 00:00:00,31.405694389343264,31.5957899236679,2.079576800857148e+75,3.953182631280587e+74
2025-07-02 00:00:00,2025-07-04 00:00:00,31.5957899236679,32.016,2.0733240595116864e+75,8.71231661308574e+74
2025-07-04 00:00:00,2025-07-09 00:00:00,32.016,32.586284694671626,2.059724670995352e+75,1.1746294551062015e+75
2025-07-09 00:00:00,2025-07-11 00:00:00,32.586284694671626,32.216100763320924,2.041710310791677e+75,-7.558083495281289e+74
2025-07-11 00:00:00,2025-07-16 00:00:00,32.216100763320924,54.127048473358144,2.053434734720309e+75,4.499270109843084e+76
2025-07-16 00:00:00,2025-07-21 00:00:00,31.915949618339543,30.905444389343263,2.7779608662559145e+75,-2.8071439812986355e+75
2025-07-23 00:00:00,2025-07-28 00:00:00,31.36567538166046,32.176079847335814,2.781925917766695e+75,2.254485186936135e+75
2025-07-28 00:00:00,2025-07-30 00:00:00,32.176079847335814,32.316149236679074,2.7469098754919048e+75,3.847579888411238e+74
2025-07-30 00:00:00,2025-08-04 00:00:00,32.316149236679074,32.22610408401489,2.7409598223616538e+75,-2.468101456509443e+74
2025-08-05 00:00:00,2025-08-07 00:00:00,32.14606606864929,54.127048473358144,2.751621293470929e+75,6.04833392362067e+76
2025-08-08 00:00:00,2025-08-12 00:00:00,31.515749999999997,30.805395915985105,3.766706816392791e+75,-2.6756955703113578e+75
2025-08-14 00:00:00,2025-08-19 00:00:00,30.745364542007444,30.215100763320923,3.817553487756411e+75,-2.024310337755615e+75
2025-08-19 00:00:00,2025-08-21 00:00:00,30.215100763320923,30.235109313011165,3.851035060405061e+75,7.705362636500015e+73
2025-08-21 00:00:00,2025-08-26 00:00:00,30.235109313011165,54.847409694671626,3.8497614566162586e+75,9.475148536797805e+76
2025-08-26 00:00:00,2025-08-29 00:00:00,30.495239542007443,30.945465305328366,5.371244544562716e+75,2.418272675059095e+75
2025-08-29 00:00:00,2025-09-02 00:00:00,30.945465305328366,31.0155,5.33219094632347e+75,3.734383648566217e+74
2025-09-02 00:00:00,2025-09-05 00:00:00,31.0155,56.22810076332092,5.3261737670796384e+75,1.3428669278545196e+77
2025-09-09 00:00:00,2025-09-11 00:00:00,30.875430610656732,31.315649236679075,7.526076752386327e+75,3.3131191672741984e+75
2025-09-11 00:00:00,2025-09-16 00:00:00,31.315649236679075,31.61580038166046,7.473204423560203e+75,2.2430908644115773e+75
2025-09-16 00:00:00,2025-09-18 00:00:00,31.61580038166046,31.785885457992553,7.437747954138038e+75,1.2650499285184597e+75
2025-09-18 00:00:00,2025-09-23 00:00:00,31.785885457992553,31.505744771003723,7.417858349281422e+75,-2.0780439339535354e+75
2025-09-23 00:00:00,2025-09-25 00:00:00,31.505744771003723,58.21909362602233,7.450820669757944e+75,1.990363718074273e+77
2025-09-29 00:00:00,2025-10-02 00:00:00,32.27612832069397,31.395689160346983,1.0357859407140635e+76,-9.119465039415035e+75
2025-10-02 00:00:00,2025-10-06 00:00:00,31.395689160346983,31.21560076332092,1.050302114033819e+76,-1.891472241094364e+75
2025-10-06 00:00:00,2025-10-09 00:00:00,31.21560076332092,30.675329847335814,1.0533302897836756e+76,-5.690837204962835e+75
2025-10-14 00:00:00,2025-10-16 00:00:00,29.964975763320922,29.754869771003722,1.0877917580871628e+76,-2.2855156676737574e+75
2025-10-16 00:00:00,2025-10-21 00:00:00,29.754869771003722,60.68032652664184,1.0916304119401635e+76,3.375916909759495e+77
2025-10-21 00:00:00,2025-10-24 00:00:00,29.97497908401489,30.315149236679076,1.6470184999310426e+76,5.6026653456227585e+75
2025-10-24 00:00:00,2025-10-28 00:00:00,30.315149236679076,29.914949618339545,1.6377824180479712e+76,-6.554398986259929e+75
2025-10-28 00:00:00,2025-10-31 00:00:00,29.914949618339545,64.31213877868652,1.6487319965536132e+76,5.671174636017116e+77
2025-10-31 00:00:00,2025-11-05 00:00:00,30.014999999999997,64.65231274795532,2.588431974936576e+76,8.965632784268584e+77
2025-11-05 00:00:00,2025-11-07 00:00:00,30.265124999999998,64.81238877868653,4.0489627494029816e+76,1.3988058413370066e+78
